id,doi,year,venue,title,cited_by,M_material,T_task,E_env,trust_flags,P_physics,depth_tier,duplicate_of,eligibility_concern
2-s2.0-105026381172,10.1038/s41598-025-28892-9,2026,Scientific Reports,Forecasting the rheological properties of alkali-activated concrete utilizing gene expression programming,0,mixed/other-AAM,prediction,none-explicit,XAI,I(data-driven),STANDARD,,
2-s2.0-105023679436,10.1016/j.jclepro.2025.147176,2025,Journal of Cleaner Production,Sustainable dynamic multi-objective optimization framework of fiber-reinforced geopolymer for soils stabilization based on machine learning and NSGA-Ⅱ algorithm,3,stabilized-soil,multi-objective-optimization,carbon;cost,none-detected,I(data-driven),DEEP,,
2-s2.0-105034333069,10.3390/gels12030215,2026,Gels,Prediction of Impact Resistance of Nano-SiO2 and Hybrid Fiber Modified Geopolymer Gel Concrete in Marine Wet–Thermal and Chloride Salt Environment,2,mixed/other-AAM,optimization,durability,none-detected,II(domain-features),STANDARD,,
2-s2.0-85207360860,10.3390/ma17205086,2024,Materials,Optimized Machine Learning Model for Predicting Compressive Strength of Alkali-Activated Concrete Through Multi-Faceted Comparative Analysis,13,FA-slag,optimization,carbon;waste-valorization,XAI,I(data-driven),DEEP,,
2-s2.0-105001410116,10.1016/j.mtcomm.2025.112326,2025,Materials Today Communications,Machine learning prediction of drying shrinkage for alkali-activated materials and multi-objective optimization,4,FA-slag,multi-objective-optimization,carbon;cost,XAI,II(domain-features),DEEP,,
2-s2.0-105027080426,10.1016/j.jobe.2025.115126,2026,Journal of Building Engineering,Predicting compressive strength of red mud-based geopolymers via machine learning: Insights from experimental validation,0,red-mud,prediction,waste-valorization,XAI;ext-val;OOD/transfer,II(domain-features),STANDARD,,
2-s2.0-105023209892,10.3390/su172210180,2025,Sustainability (Switzerland),Natural Clay in Geopolymer Concrete: A Sustainable Alternative Pozzolanic Material for Future Green Construction—A Comprehensive Review,6,FA-slag,prediction,carbon;waste-valorization;durability,OOD/transfer,I(data-driven),DEEP,,
2-s2.0-105040692013,10.1016/j.nxmate.2026.102389,2026,Next Materials,Machine Learning (ML) driven classification and optimization of silica fume- polypropylene fiber induced geopolymer concrete using clustering and regression techniques,1,FA-slag,optimization,cost,none-detected,I(data-driven),STANDARD,,
2-s2.0-105043819034,10.1016/j.istruc.2026.112552,2026,Structures,A novel robust model: Dimensionless ensemble machine learning to predict behavior of geopolymer concrete,0,mixed/other-AAM,prediction,none-explicit,XAI;OOD/transfer,I(data-driven),STANDARD,,
2-s2.0-85205322150,10.1016/j.rineng.2024.103036,2024,Results in Engineering,Harnessing explainable Artificial Intelligence (XAI) for enhanced geopolymer concrete mix optimization,21,mixed/other-AAM,optimization,none-explicit,XAI,I(data-driven),STANDARD,,
2-s2.0-105033485958,,2025,Journal of Materials and Engineering Structures,Influence of Aggregate Type and Size on Residual Mechanical Properties of Post-Heated Geopolymer Concrete: Experimental Study and Applications of Artificial Neural Networks,1,fly-ash,prediction,none-explicit,none-detected,I(data-driven),STANDARD,,
2-s2.0-105038457489,10.1038/s41598-026-44848-z,2026,Scientific Reports,Mechanical properties analysis of geopolymer concrete based on the sugarcane bagasse ash using machine learning,1,fly-ash;biomass-ash,prediction,none-explicit,none-detected,I(data-driven),STANDARD,,
2-s2.0-85195300809,10.1016/j.conbuildmat.2024.136884,2024,Construction and Building Materials,Investigation of machine learning models in predicting compressive strength for ultra-high-performance geopolymer concrete: A comparative study,86,FA-slag;biomass-ash,prediction,none-explicit,XAI,I(data-driven),STANDARD,,
2-s2.0-85205243487,10.3390/buildings14092748,2024,Buildings,Building Information Modeling and AI Algorithms for Optimizing Energy Performance in Hot Climates: A Comparative Study of Riyadh and Dubai,48,mixed/other-AAM,optimization,none-explicit,XAI,I(data-driven),STANDARD,,
2-s2.0-105000983979,10.1016/j.clwas.2025.100270,2025,Cleaner Waste Systems,"Green optimization of vapour-cured geopolymer mortars: Predicting cost, mechanical properties, and environmental impact with artificial neural networks",6,FA-slag,optimization,carbon;cost,none-detected,I(data-driven),DEEP,,
2-s2.0-105035647078,10.1016/j.istruc.2026.111649,2026,Structures,A critical synthesis on the synergetic effect of hybrid fibers in enhancing concrete properties,1,mixed/other-AAM,prediction,LCA;cost;durability,UQ,I(data-driven),DEEP,,Context-candidate (recode: review article)
2-s2.0-85217747959,10.1016/j.istruc.2025.108323,2025,Structures,Determining equivalent rectangular stress block parameters in geopolymer concrete using multi-gene genetic algorithm-supported models and ML techniques,4,mixed/other-AAM,prediction,none-explicit,none-detected,I(data-driven),STANDARD,,
2-s2.0-105011341541,10.1007/s42107-025-01450-4,2025,Asian Journal of Civil Engineering,Interpretable GA-PSO-optimised deep learning for multi-objective geopolymer concrete strength prediction,20,mixed/other-AAM,multi-objective-optimization,carbon;cost,XAI;UQ,I(data-driven),DEEP,,
2-s2.0-105038446360,10.1038/s41598-026-44193-1,2026,Scientific Reports,Assessment of thermally induced strength loss in alkali-activated concrete through ensemble regression models,5,tailings,prediction,waste-valorization,none-detected,I(data-driven),STANDARD,,
2-s2.0-105023165411,10.1007/s42107-025-01602-6,2026,Asian Journal of Civil Engineering,Analytical and experimental investigation on strength characteristics of one part geopolymer using machine learning models,3,one-part;FA-slag,prediction,none-explicit,XAI,I(data-driven),STANDARD,,
2-s2.0-105033411576,10.1016/j.jobe.2026.115878,2026,Journal of Building Engineering,Multi-objective optimization of mix design for geopolymer foam concrete with industrial solid wastes based on machine learning,0,fly-ash,multi-objective-optimization,carbon;LCA;cost;waste-valorization,none-detected,I(data-driven),DEEP,,
2-s2.0-105043636492,10.1007/s42107-026-01726-3,2026,Asian Journal of Civil Engineering,Performance evaluation and machine learning modeling of geopolymer fly ash masonry bricks,0,fly-ash,prediction,durability,XAI,I(data-driven),STANDARD,,
2-s2.0-85210294088,10.1016/j.jobe.2024.111429,2024,Journal of Building Engineering,Analyzing the compressive strength of one-part geopolymers using experiment and machine learning approaches,13,one-part;slag,prediction,carbon,XAI,I(data-driven),DEEP,,
2-s2.0-105003402939,10.1002/suco.202400552,2025,Structural Concrete,Predictive modeling of compressive strength of geopolymer concrete before and after high temperature applying machine learning algorithms,17,FA-slag,prediction,none-explicit,XAI,I(data-driven),STANDARD,,
2-s2.0-105045254073,10.1007/s43939-026-00821-1,2026,Discover Materials,Chemistry-informed data-driven models for predicting strength of ambient-cured slag and fly ash geopolymer concrete,0,FA-slag,optimization,none-explicit,none-detected,III-claimed(knowledge-guided),DEEP,,
2-s2.0-105010694818,10.1080/14680629.2025.2495705,2026,Road Materials and Pavement Design,"Synergy of industrial wastes in eco-friendly, air-cured alkali activated pavement concrete composites: properties, embodied carbon and energy assessment and modelling",7,slag;recycled-aggregate,prediction,carbon;LCA;waste-valorization,none-detected,I(data-driven),DEEP,,
2-s2.0-105015484338,10.1002/pat.70326,2025,Polymers for Advanced Technologies,Impact of Polyvinyl Alcohol Fibers and Nano-Silica on the Mechanical and Durability Properties of Geopolymer Mortar for Improved Performance in Harsh Environments,2,fly-ash;metakaolin/clay,optimization,durability,none-detected,II(domain-features),STANDARD,,
2-s2.0-85190353334,10.1016/j.compgeo.2024.106322,2024,Computers and Geotechnics,A generic framework for mix design of geopolymer for soil stabilization: Composition-informed machine learning model,16,stabilized-soil,prediction,cost,none-detected,I(data-driven),STANDARD,,
2-s2.0-105036050554,10.1038/s41598-026-39748-1,2026,Scientific Reports,Advanced stacked modeling techniques for material porosity estimation via high-resolution computed tomography imaging,0,mixed/other-AAM,microstructure/image-analysis,none-explicit,none-detected,I(data-driven),STANDARD,,
2-s2.0-105034873256,10.1061/JSDCCC.SCENG-2032,2026,Journal of Structural Design and Construction Practice,Development of an ANN Model for Predicting Optimum Mix Proportion of Fiber-Reinforced Geopolymer Concrete and Assessment of the Model's Prediction Efficiency,0,FA-slag;biomass-ash,optimization,carbon;cost;waste-valorization,ext-val;OOD/transfer,I(data-driven),DEEP,,
2-s2.0-105020376483,10.1007/s11595-025-3171-z,2025,"Journal Wuhan University of Technology, Materials Science Edition",Machine Learning Prediction and Feature Impact Analysis of Durability Performance of Solid Waste-Alkali Activated Cementitious Materials,2,mixed/other-AAM,optimization,waste-valorization;durability,XAI,II(domain-features),STANDARD,,
2-s2.0-105004264026,10.1016/j.engappai.2025.110971,2025,Engineering Applications of Artificial Intelligence,An intelligent hybrid machine learning framework for compressive strength prediction of alkali-activated binders based on fly ash characteristics,11,fly-ash,inverse-design,none-explicit,none-detected,II(domain-features),DEEP,,
2-s2.0-105019795828,10.31436/iiumej.v26i3.3730,2025,IIUM Engineering Journal,MACHINE LEARNING AND RSM FOR STRENGTH FORECASTING IN SUSTAINABLE SCGC,5,mixed/other-AAM,optimization,none-explicit,none-detected,I(data-driven),STANDARD,,
2-s2.0-85202050990,10.1016/j.jclepro.2024.143463,2024,Journal of Cleaner Production,Ensemble machine learning models for predicting the CO2 footprint of GGBFS-based geopolymer concrete,66,slag,optimization,carbon;waste-valorization,none-detected,I(data-driven),DEEP,,
2-s2.0-85200266462,10.1177/13694332241268243,2025,Advances in Structural Engineering,Data-driven axial bearing capacity analysis of steel tubes infilled with rubberized alkali-activated concrete,25,mixed/other-AAM,prediction,none-explicit,XAI,I(data-driven),STANDARD,,
2-s2.0-105018660427,10.1038/s41598-025-19741-w,2025,Scientific Reports,Hybrid machine learning models for predicting the tensile strength of reinforced concrete incorporating nano-engineered and sustainable supplementary cementitious materials,7,mixed/other-AAM,prediction,durability,none-detected,I(data-driven),STANDARD,,
2-s2.0-105012951143,10.1007/s42107-025-01503-8,2026,Asian Journal of Civil Engineering,Optimization of geopolymer concrete mix design using machine learning for enhanced sulphate and chloride resistance,5,mixed/other-AAM,optimization,durability,none-detected,I(data-driven),STANDARD,,
2-s2.0-105033216383,10.1016/j.envres.2026.124283,2026,Environmental Research,Machine learning-based reactivity evaluation of solid wastes and development of a multi-component all-solid waste cementitious material,1,mixed/other-AAM,prediction,carbon;waste-valorization,none-detected,II(domain-features),DEEP,,
2-s2.0-85199317809,10.1007/s40515-024-00435-1,2024,Transportation Infrastructure Geotechnology,Predictive Modeling of Geopolymer Concrete Properties Incorporating Phosphogypsum and Slag Using Machine Learning Algorithms,12,slag,prediction,waste-valorization,none-detected,I(data-driven),STANDARD,,
2-s2.0-105010951060,10.1016/j.cscm.2025.e05065,2025,Case Studies in Construction Materials,Data-driven axial compressive strength investigation of FRP-confined coral aggregate concrete,8,mixed/other-AAM,prediction,none-explicit,XAI,I(data-driven),STANDARD,,
2-s2.0-105041947176,10.1039/d5dd00383k,2026,Digital Discovery,GEOMIND: a hybrid generative artificial intelligence model for geopolymer design and optimization,0,mixed/other-AAM,optimization,none-explicit,none-detected,I(data-driven),STANDARD,,
2-s2.0-105039705730,10.1016/j.dibe.2026.100951,2026,Developments in the Built Environment,Intelligent cost-optimized mix design prediction and engineered strength system for geopolymer concrete: A machine learning-based recommender system,0,slag,inverse-design,cost,ext-val,III-claimed(knowledge-guided),DEEP,,
2-s2.0-105020954508,10.1016/j.rinma.2025.100791,2025,Results in Materials,Prediction and optimization of strength and CO2 emission for geopolymer concrete mix design using machine learning,3,mixed/other-AAM,optimization,carbon,none-detected,I(data-driven),DEEP,,
2-s2.0-105033400440,10.1007/s42107-026-01654-2,2026,Asian Journal of Civil Engineering,Data-driven ensemble machine learning framework for reliable compressive strength prediction of alkali-activated composites,0,FA-slag,optimization,cost,UQ,II(domain-features),DEEP,,
2-s2.0-105026666166,10.1016/j.jclepro.2026.147501,2026,Journal of Cleaner Production,Machine learning-driven multi-objective optimization and dynamic performance prediction of geopolymer concrete,8,FA-slag,multi-objective-optimization,carbon;cost,XAI;OOD/transfer,I(data-driven),DEEP,,
2-s2.0-85205235415,10.3390/buildings14092894,2024,Buildings,Prediction of the Unconfined Compressive Strength of a One-Part Geopolymer-Stabilized Soil Using Deep Learning Methods with Combined Real and Synthetic Data,13,one-part;stabilized-soil,inverse-design,cost,XAI,I(data-driven),DEEP,,
2-s2.0-105044676586,10.1038/s41598-026-52618-0,2026,Scientific Reports,Performance evaluation of fly-ash and silica-fume based geopolymer concrete at different alkaline molarities with machine learning-based strength prediction,0,fly-ash,prediction,waste-valorization;durability,OOD/transfer,I(data-driven),STANDARD,,
2-s2.0-85185457597,10.1080/14488353.2024.2313294,2025,Australian Journal of Civil Engineering,Data-driven approach for sustainable geopolymer mortar production with treated sewage sludge,2,fly-ash,optimization,waste-valorization,none-detected,I(data-driven),STANDARD,,
2-s2.0-105016583963,10.1007/s40996-025-02029-4,2025,Iranian Journal of Science and Technology - Transactions of Civil Engineering,"Performance Evaluation and Statistical Modelling of Glass Waste Powder-Geopolymer Concrete Subjected to Dual Curing Regimes: Strength, Durability, and Predictive Analysis",3,FA-slag,prediction,waste-valorization;durability,none-detected,I(data-driven),STANDARD,,
2-s2.0-105042520862,10.1016/j.jece.2026.123695,2026,Journal of Environmental Chemical Engineering,Multidimensional correlation analysis between the components of solid waste and strength of geopolymer based on statistics and machine learning,0,mixed/other-AAM,optimization,cost;waste-valorization,OOD/transfer,II(domain-features),STANDARD,,
2-s2.0-105000576000,10.1139/cgj-2024-0577,2025,Canadian Geotechnical Journal,Role of calcined-clay-based geopolymers for effective stabilization of expansive soils,9,metakaolin/clay;stabilized-soil,prediction,none-explicit,none-detected,I(data-driven),STANDARD,,
2-s2.0-85197443116,10.1016/j.rineng.2024.102503,2024,Results in Engineering,Eco-friendly mix design of slag-ash-based geopolymer concrete using explainable deep learning,48,slag,classification,carbon,XAI;repro-signal,I(data-driven),DEEP,,
2-s2.0-85207676343,10.3390/cryst14100830,2024,Crystals,Machine Learning to Predict Workability and Compressive Strength of Low- and High-Calcium Fly Ash–Based Geopolymers,17,fly-ash,prediction,none-explicit,none-detected,II(domain-features),STANDARD,,
2-s2.0-85203237429,10.12989/cac.2024.34.3.279,2024,Computers and Concrete,A generalized explainable approach to predict the hardened properties of self-compacting geopolymer concrete using machine learning techniques,9,slag,optimization,none-explicit,XAI,I(data-driven),STANDARD,,
2-s2.0-85218256402,10.1007/s41024-025-00573-0,2025,Journal of Building Pathology and Rehabilitation,"Predicting the strength of alkali-activated masonry blocks using machine learning models: geopolymer mortar with quarry waste, rice husk ash, and eggshell ash",6,biomass-ash,prediction,carbon;waste-valorization,none-detected,I(data-driven),DEEP,,
2-s2.0-105022412798,10.1061/JMCEE7.MTENG-20626,2026,Journal of Materials in Civil Engineering,"Mixture Optimization of Mechanical, Economical, and Environmental Objectives for a Novel Industrial Waste-Based Geopolymer: Combining Ensemble Learning with Metaheuristic Algorithms",1,FA-slag,optimization,cost;waste-valorization,XAI,I(data-driven),STANDARD,,
2-s2.0-105041916976,10.1038/s41598-026-48502-6,2026,Scientific Reports,"Explainable machine learning based optimization of strength, durability, and carbon efficiency of fly ash–GGBS geopolymer concrete",0,FA-slag,optimization,LCA;durability,XAI,II(domain-features),DEEP,,
2-s2.0-105027997734,10.1371/journal.pone.0331706,2026,PLOS ONE,Effect of sodium hydroxide dosage on strength development in cement-fly ash mortars: Experimental and ANN-based prediction,2,fly-ash;biomass-ash,microstructure/image-analysis,none-explicit,none-detected,I(data-driven),STANDARD,,
2-s2.0-85198097710,10.1016/j.conbuildmat.2024.137322,2024,Construction and Building Materials,Evaluation and prediction of slag-based geopolymer's compressive strength using design of experiment (DOE) approach and artificial neural network (ANN) algorithms,11,slag,prediction,none-explicit,none-detected,I(data-driven),STANDARD,,
2-s2.0-105038372722,10.1038/s41598-026-50705-w,2026,Scientific Reports,Comparative evaluation of machine learning and deep learning approaches for compressive strength prediction of geopolymer concrete,1,mixed/other-AAM,optimization,none-explicit,XAI,I(data-driven),STANDARD,,
2-s2.0-85199985096,10.1177/03611981241253612,2024,Transportation Research Record,Can Reclaimed Asphalt Pavement Aggregates be Effectively Utilized in Designing Paving-Grade Geopolymer Concrete? An Experimental Study with Strength Prediction Using Machine Learning Algorithms,2,mixed/other-AAM,prediction,waste-valorization,none-detected,I(data-driven),STANDARD,,
2-s2.0-105021274939,10.1016/j.powtec.2025.121900,2026,Powder Technology,High-fidelity data-driven multi-objective design of class F fly ash–geopolymer concrete,2,fly-ash,multi-objective-optimization,carbon;cost,XAI;ext-val,II(domain-features),DEEP,,
2-s2.0-85215862323,10.1680/jgele.24.00132,2025,Geotechnique Letters,A data-driven method for prediction and design of biomass ash alkali-activated materials,3,biomass-ash,optimization,waste-valorization,none-detected,II(domain-features),STANDARD,,
2-s2.0-105045844603,10.3390/buildings16142843,2026,Buildings,Optimization of Mix Proportions and Random-Forest-Assisted Exploratory Modeling for Alkali-Activated Fly Ash Geopolymer,0,fly-ash,optimization,none-explicit,none-detected,I(data-driven),STANDARD,,
2-s2.0-105036404972,10.1007/s40515-026-00834-6,2026,Transportation Infrastructure Geotechnology,Optimized Gradient Boosting Model for Estimating Unconfined Compressive Strength of Pozzolanic Geopolymer-stabilized Granular Materials Using Pufferfish Algorithm,1,stabilized-soil,optimization,none-explicit,none-detected,I(data-driven),STANDARD,,
2-s2.0-85197742437,10.1007/s11709-024-1039-5,2024,Frontiers of Structural and Civil Engineering,Machine learning based models for predicting compressive strength of geopolymer concrete,36,mixed/other-AAM,prediction,none-explicit,OOD/transfer,I(data-driven),STANDARD,,
2-s2.0-86000142549,10.1016/j.conbuildmat.2025.140661,2025,Construction and Building Materials,Physics-based probabilistic analysis of corrosion initiation in alkali-activated slag concrete assisted by machine learning,12,slag,prediction,durability,UQ,I(data-driven),DEEP,,
2-s2.0-86000502729,10.1016/j.cscm.2025.e04475,2025,Case Studies in Construction Materials,Integrated machine learning and response surface methodology for comprehensive rheological characterization of low-carbon binders,12,fly-ash,optimization,none-explicit,none-detected,I(data-driven),STANDARD,,
2-s2.0-85218704200,10.1038/s41598-025-90468-4,2025,Scientific Reports,Prediction and validation of mechanical properties of self-compacting geopolymer concrete using combined machine learning methods a comparative and suitability assessment of the best analysis,13,FA-slag,classification,waste-valorization,none-detected,I(data-driven),STANDARD,,
2-s2.0-105015102171,10.17515/resm2024.354ma0716rs,2025,Research on Engineering Structures and Materials,Prediction of machine learning application in the development of novel sustainable self-compacting geopolymer concrete,7,slag;metakaolin/clay,prediction,waste-valorization,none-detected,I(data-driven),STANDARD,,
2-s2.0-105039118381,10.1016/j.advengsoft.2026.104189,2026,Advances in Engineering Software,Explainable artificial intelligence framework for predicting and minimizing CO₂ emissions in GGBFS-geopolymer concrete,0,slag,prediction,carbon,XAI,I(data-driven),DEEP,,
2-s2.0-105030249622,10.1080/21650373.2026.2629850,2026,Journal of Sustainable Cement-Based Materials,Intelligent design framework for compressive strength modeling of ultra-high-performance geopolymer concrete (UHPGC): grey wolf optimizer–integrated machine learning and experimental verification,9,mixed/other-AAM,prediction,carbon;cost;durability,XAI,I(data-driven),DEEP,,
2-s2.0-105040755822,10.32604/cmes.2026.083654,2026,CMES - Computer Modeling in Engineering and Sciences,Accurate Compressive Strength Prediction of Fly Ash Geopolymers Using Advanced Ensemble Models and Morris Analysis,1,fly-ash,optimization,carbon;waste-valorization,XAI,II(domain-features),DEEP,,
2-s2.0-105018854308,10.1016/j.ijhydene.2025.151815,2025,International Journal of Hydrogen Energy,Boosting biohydrogen yield from cheese whey through machine learning optimization of supplement-aَssisted dark fermentation,0,fly-ash,optimization,none-explicit,none-detected,I(data-driven),STANDARD,,
2-s2.0-105002259769,10.1080/10298436.2024.2427869,2025,International Journal of Pavement Engineering,Investigating the impact of various parameters on the properties of fly ash geopolymer concrete using a hybrid optimisation approach,2,FA-slag,optimization,none-explicit,none-detected,I(data-driven),STANDARD,,
2-s2.0-85206284351,10.14359/51742040,2024,ACI Materials Journal,Mixture Design for Lightweight Geopolymer Concrete,2,mixed/other-AAM,prediction,carbon,OOD/transfer,I(data-driven),DEEP,,
2-s2.0-105044305183,10.1016/j.jobe.2026.116807,2026,Journal of Building Engineering,Data-driven performance regulation of MgO-K2HPO4-SiO2 cement mortar based on a self-constructed experimental database,0,slag,optimization,none-explicit,XAI,II(domain-features),STANDARD,,
2-s2.0-85193426635,10.1016/j.jobe.2024.109557,2024,Journal of Building Engineering,Mix design strategy and optimization considering characteristic evaluation of geopolymer concrete,17,FA-slag,optimization,none-explicit,OOD/transfer,II(domain-features),STANDARD,,
2-s2.0-85210021687,10.1016/j.rinma.2024.100636,2024,Results in Materials,Temperature-dependent compressive strength modeling of geopolymer blocks utilizing glass powder and steel slag,13,FA-slag,prediction,none-explicit,none-detected,II(domain-features),STANDARD,,
2-s2.0-105007141533,10.1016/j.scp.2025.102064,2025,Sustainable Chemistry and Pharmacy,Recycling three local waste materials for optimizing the mechanical performance of fly ash-based geopolymer cement: Application of a ternary mixture design and artificial neural networks modeling,8,fly-ash,optimization,waste-valorization,none-detected,II(domain-features),STANDARD,,
2-s2.0-105026875546,10.1007/s43939-025-00308-5,2026,Discover Materials,Exploring an intelligent model to predict the compressive strength of UGGBFS based geopolymer concrete,1,FA-slag,prediction,carbon;waste-valorization,none-detected,I(data-driven),DEEP,,
2-s2.0-105043726006,10.18702/acf.2025.11.1.53,2025,Journal of Asian Concrete Federation,Data-driven investigation and multi-objective optimization design of alkali-activated concrete,4,fly-ash,multi-objective-optimization,carbon,XAI,I(data-driven),DEEP,,
2-s2.0-105041418910,10.3390/ma19112235,2026,Materials,Predicting Mechanical Strength of Alkali-Activated High-Performance Concrete Using Machine-Learning Methods,0,mixed/other-AAM,optimization,carbon;cost,none-detected,I(data-driven),DEEP,,
2-s2.0-105046252234,10.1016/j.nxmate.2026.103027,2026,Next Materials,Uncertainty-aware prediction intervals for compressive-strength estimation of geopolymer concrete,0,mixed/other-AAM,prediction+UQ,none-explicit,UQ;calibration;OOD/transfer,I(data-driven),DEEP,,
2-s2.0-105024210294,10.1038/s41598-025-27361-7,2025,Scientific Reports,AI-based modeling of CO2 footprint in geopolymer concrete production containing GGBFS as a by-product from the iron industry,0,slag,optimization,carbon;waste-valorization,XAI,II(domain-features),DEEP,,
2-s2.0-105016260554,10.1016/j.jobe.2025.114066,2025,Journal of Building Engineering,Performance optimization of alkali-activated low-calcium fly ash geopolymers: Experimental study and machine learning modeling,9,fly-ash,optimization,none-explicit,XAI,I(data-driven),STANDARD,,
2-s2.0-105042223987,10.1039/d6ta01407k,2026,Journal of Materials Chemistry A,Material characterization of aluminosilicate hydrate geopolymers using deep learning assisted tailor-made potential,0,FA-slag,prediction,waste-valorization;durability,OOD/transfer,I(data-driven),STANDARD,,
2-s2.0-105010151107,10.1007/s41062-025-02148-x,2025,Innovative Infrastructure Solutions,"Influence of cement kiln dust, volcanic pumice dust, and nano silica in heat-cured GGBS-based geopolymer concrete: experimental and predictive modeling",28,slag,prediction,durability,none-detected,I(data-driven),STANDARD,,
2-s2.0-105009337795,10.1007/s10064-025-04396-8,2025,Bulletin of Engineering Geology and the Environment,Experimental study on compressive strength of clay soil stabilized with construction and demolition waste-based geopolymer,11,stabilized-soil;recycled-aggregate,prediction,waste-valorization,none-detected,I(data-driven),STANDARD,,
2-s2.0-85202032119,10.1016/j.cemconcomp.2024.105723,2024,Cement and Concrete Composites,Knowledge-guided data-driven design of ultra-high-performance geopolymer (UHPG),42,mixed/other-AAM,multi-objective-optimization,carbon;cost;waste-valorization,XAI,III-claimed(knowledge-guided),DEEP,,
2-s2.0-85191031081,10.1007/s10853-024-09645-x,2024,Journal of Materials Science,Integrated approach to assessing strength in slag-based geopolymer mortars: experimental study and modeling with advanced techniques,3,slag,prediction,none-explicit,none-detected,I(data-driven),STANDARD,,
2-s2.0-105003233012,10.1007/s40996-025-01827-0,2026,Iranian Journal of Science and Technology - Transactions of Civil Engineering,Compressive Strength Prediction of Geopolymers Using Stacking Ensemble and Fuzzy Splitting,2,mixed/other-AAM,prediction,durability,UQ,I(data-driven),DEEP,,
2-s2.0-105020018082,10.3390/buildings15203667,2025,Buildings,Bayesian-Optimized Ensemble Models for Geopolymer Concrete Compressive Strength Prediction with Interpretability Analysis,15,mixed/other-AAM,optimization,none-explicit,XAI,I(data-driven),STANDARD,,
2-s2.0-105014473705,10.3390/su17167483,2025,Sustainability (Switzerland),Geopolymer Materials: Cutting-Edge Solutions for Sustainable Design Building,11,mixed/other-AAM,optimization,carbon;LCA;waste-valorization;durability,none-detected,I(data-driven),DEEP,,
2-s2.0-85214326477,10.1016/j.conbuildmat.2024.139853,2025,Construction and Building Materials,Filament geometry control of printable geopolymer using experimental and data driven approaches,5,fly-ash,prediction,none-explicit,XAI,I(data-driven),STANDARD,,
2-s2.0-105018209089,10.1016/j.oceram.2025.100857,2025,Open Ceramics,Machine learning for the optimization of porosity-hygroscopy correlations of porous geopolymers in indoor thermal comfort: A hybrid feature selection approach,1,mixed/other-AAM,multi-objective-optimization,none-explicit,none-detected,I(data-driven),DEEP,,
2-s2.0-85183655745,10.1007/s41939-023-00355-6,2024,"Multiscale and Multidisciplinary Modeling, Experiments and Design",A comparative analysis of tree-based machine learning algorithms for predicting the mechanical properties of fibre-reinforced GGBS geopolymer concrete,25,slag,prediction,none-explicit,none-detected,I(data-driven),STANDARD,,
2-s2.0-105012620705,10.1007/s40996-025-01979-z,2026,Iranian Journal of Science and Technology - Transactions of Civil Engineering,Machine Learning Prediction Model for Durability of Geopolymer Concrete with CDW and Artificial Aggregates under Harsh Environmental Exposure,7,recycled-aggregate,prediction,waste-valorization;durability,XAI,I(data-driven),STANDARD,,
2-s2.0-105017085569,10.1007/s42107-025-01541-2,2026,Asian Journal of Civil Engineering,Prediction of compressive strength of geopolymer concrete using optimised machine learning algorithms,2,FA-slag,prediction,none-explicit,none-detected,II(domain-features),STANDARD,,
2-s2.0-105043808411,10.32604/cmes.2026.083537,2026,CMES - Computer Modeling in Engineering and Sciences,Machine Learning Prediction of the Compressive Strength of Nano-Silica-Modified Hybrid Geopolymer Mortar,0,FA-slag;metakaolin/clay,optimization,none-explicit,none-detected,I(data-driven),STANDARD,,
2-s2.0-105001503833,10.1007/s40996-024-01569-5,2025,Iranian Journal of Science and Technology - Transactions of Civil Engineering,Estimation of Compressive Strength of Rubberised Slag Based Geopolymer Concrete Using Various Machine Learning Techniques Based Models,7,FA-slag,prediction,none-explicit,none-detected,I(data-driven),STANDARD,,
2-s2.0-105012741493,10.1080/1023666X.2025.2490782,2025,International Journal of Polymer Analysis and Characterization,Enhancing geopolymer concrete strength with sodium hydroxide using Gegenbauer graph neural networks approach,0,fly-ash,prediction,carbon,none-detected,I(data-driven),DEEP,,
2-s2.0-85205314373,10.3390/ma17184573,2024,Materials,Elemental Design of Alkali-Activated Materials with Solid Wastes Using Machine Learning,5,FA-slag,prediction,waste-valorization,XAI,I(data-driven),STANDARD,,
2-s2.0-105037025028,10.3390/polym18080959,2026,Polymers,A Hybrid Clustering–Classification Approach for Predicting Strength and Analyzing Material Composition of Geopolymers,1,mixed/other-AAM,classification,carbon,XAI,II(domain-features),DEEP,,
2-s2.0-105005547455,10.1007/s42107-025-01367-y,2025,Asian Journal of Civil Engineering,Comparative study on the mechanical properties of geopolymer concrete containing GGBS and fly ash using experimental analysis and artificial neural network,4,FA-slag,optimization,carbon,none-detected,II(domain-features),DEEP,,
2-s2.0-85199288107,10.1016/j.cscm.2024.e03530,2024,Case Studies in Construction Materials,Prediction on the freeze-thaw resistance of a one-part geopolymer stabilized soil by using deep learning method,25,one-part;FA-slag;stabilized-soil,prediction,waste-valorization;durability,XAI,I(data-driven),STANDARD,,
2-s2.0-85217008656,10.47836/pjst.33.1.18,2025,Pertanika Journal of Science and Technology,Factors Controlling Durability of Geopolymer Concretes in Chloride Determined via Growing Self-Organizing Maps,0,mixed/other-AAM,optimization,durability,none-detected,I(data-driven),STANDARD,,
2-s2.0-105013576797,10.1007/s42107-025-01506-5,2026,Asian Journal of Civil Engineering,Prediction and comparison of compressive strength of geopolymer concrete by using decision tree and random forest regression model,6,FA-slag,optimization,carbon;waste-valorization,none-detected,I(data-driven),DEEP,,
2-s2.0-85174412385,10.1007/s40996-023-01247-y,2024,Iranian Journal of Science and Technology - Transactions of Civil Engineering,Comparative Analysis of Regression and ANN Algorithm for Predicting Compressive Strength of Sustainable Geopolymer Concrete at Varying NaOH Concentration and Curing Temperature,5,FA-slag,prediction,waste-valorization,none-detected,I(data-driven),STANDARD,,
2-s2.0-105042573358,10.1007/s40831-026-01571-3,2026,Journal of Sustainable Metallurgy,Prediction of Workability of Nano-SiO2 and Steel-Polyvinyl Alcohol Hybrid Fiber-Reinforced Self-Compacting Geopolymer Concrete Based on the Back Propagation Neural Network Optimized by the Genetic Algorithm–Ant Colony Optimization Hybrid Algorithm,0,mixed/other-AAM,optimization,none-explicit,none-detected,II(domain-features),STANDARD,,
2-s2.0-85217243208,10.1016/j.clet.2025.100899,2025,Cleaner Engineering and Technology,Machine learning-driven optimization for predicting compressive strength in fly ash geopolymer concrete,32,fly-ash,optimization,none-explicit,XAI,II(domain-features),STANDARD,,
2-s2.0-85200111883,10.1016/j.conbuildmat.2024.137509,2024,Construction and Building Materials,Predicting the compressive strength of engineered geopolymer composites using automated machine learning,34,mixed/other-AAM,prediction,none-explicit,XAI,I(data-driven),STANDARD,,
2-s2.0-85219259079,10.1016/j.mtcomm.2025.112076,2025,Materials Today Communications,Prediction of compressive and flexural strength of coal gangue-based geopolymer using machine learning method,39,FA-slag;tailings,optimization,waste-valorization,none-detected,II(domain-features),STANDARD,,
2-s2.0-85201370027,10.1007/s41024-024-00485-5,2024,Journal of Building Pathology and Rehabilitation,Predicting split tensile strength in Portland and geopolymer concretes using machine learning algorithms: a comparative study,22,slag,prediction,none-explicit,none-detected,I(data-driven),STANDARD,,
2-s2.0-105025671981,10.1080/10298436.2025.2597306,2026,International Journal of Pavement Engineering,Optimizing mix proportions of steel fiber reinforced geopolymeric recycled aggregate concrete using viscoelastic artificial neural networks,0,FA-slag;recycled-aggregate,prediction,waste-valorization,none-detected,I(data-driven),STANDARD,,
2-s2.0-105038085640,10.1007/s42107-026-01700-z,2026,Asian Journal of Civil Engineering,Utilizing long short-term memory deep learning models to predict the compressive strength of geopolymer concrete,0,fly-ash;biomass-ash,optimization,carbon;waste-valorization,none-detected,I(data-driven),DEEP,,
2-s2.0-105022899593,10.1016/j.conbuildmat.2025.144529,2025,Construction and Building Materials,Multi-objective optimization of recycled fine aggregate geopolymer-based grouting materials using the response surface methodology and backpropagation neural network coupled approach,3,FA-slag;metakaolin/clay,multi-objective-optimization,waste-valorization,none-detected,I(data-driven),DEEP,,
2-s2.0-105039097845,10.1177/03611981261444710,2026,Transportation Research Record,Assessment of Geopolymer Synthesis Parameters for Strength of Stabilized Fat Clay Using Statistical and Machine Learning Techniques,0,fly-ash;metakaolin/clay;stabilized-soil,prediction,waste-valorization,none-detected,II(domain-features),STANDARD,,
2-s2.0-105019985951,10.1016/j.istruc.2025.110405,2025,Structures,Developing a novel strength predictive modeling for 3D printable geopolymer concrete: An interpretable data-driven approach,0,mixed/other-AAM,optimization,none-explicit,XAI,II(domain-features),STANDARD,,
2-s2.0-105043171259,10.1007/s40996-026-02202-3,2026,Iranian Journal of Science and Technology - Transactions of Civil Engineering,Experimental and machine learning-based evaluation of durability and mechanical performance of geopolymer concrete under acid and sulphate exposure,0,mixed/other-AAM,prediction,durability,XAI;UQ,I(data-driven),DEEP,,
2-s2.0-105042691402,10.3390/gels12060463,2026,Gels,GWO-Optimized BPNN for Abrasion Resistance Prediction of Nano-SiO2 and Hybrid Fiber Reinforced Geopolymer Gel Concrete,0,mixed/other-AAM,optimization,durability,none-detected,II(domain-features),STANDARD,,
2-s2.0-105034205835,10.1016/j.cemconres.2026.108173,2026,Cement and Concrete Research,Quantifying resolution-dependent microstructure and pore-network topology in LDH-modified alkali-activated slag pastes via synchrotron X-ray nano-holotomography and multiscale tomography,0,slag,microstructure/image-analysis,none-explicit,none-detected,I(data-driven),STANDARD,,
2-s2.0-105032671997,10.3390/su18052227,2026,Sustainability (Switzerland),Interpretable Machine Learning for Compressive Strength Prediction of Fly Ash-Based Geopolymer Concrete,2,fly-ash,multi-objective-optimization,none-explicit,XAI,I(data-driven),DEEP,,
2-s2.0-105017476086,10.1061/JSDCCC.SCENG-1724,2025,Journal of Structural Design and Construction Practice,Analyzing the Behavior of Geopolymer Concrete with Different Novel Machine-Learning Algorithms,20,fly-ash,optimization,carbon,XAI,I(data-driven),DEEP,,
2-s2.0-85209568009,10.1016/j.mtcomm.2024.111047,2024,Materials Today Communications,Parametric analysis and prediction of geopolymerization process,25,fly-ash,prediction,durability,XAI,I(data-driven),STANDARD,,
2-s2.0-105019192561,10.1002/suco.70369,2026,Structural Concrete,Use of regression and machine learning approach in predicting the strength of GBFS-based geopolymer mortars without experimentation,0,slag,prediction,cost,none-detected,I(data-driven),STANDARD,,
2-s2.0-105010695413,10.1016/j.rineng.2025.106279,2025,Results in Engineering,Prediction of compressive strength for geopolymer paste using bagging ensemble technique and experimental design,2,mixed/other-AAM,optimization,none-explicit,none-detected,I(data-driven),STANDARD,,
2-s2.0-105026309242,10.1038/s41598-025-29088-x,2025,Scientific Reports,Machine learning based optimization of fly ash content for improving geopolymer concrete compressive strength,7,fly-ash,optimization,none-explicit,XAI;UQ,I(data-driven),DEEP,,
2-s2.0-85209883853,10.1016/j.conbuildmat.2024.139235,2024,Construction and Building Materials,Multi-objective optimization and prediction of strength along with durability in acid-resistant self-compacting alkali-activated concrete,25,slag,multi-objective-optimization,cost;durability,none-detected,I(data-driven),DEEP,,
2-s2.0-105037759465,10.46604/aiti.2026.15755,2026,Advances in Technology Innovation,Assessment of Hot-Water-Alkali Treated Bagasse Fiber in Metakaolin-Based Geopolymer Using Machine Learning,0,metakaolin/clay;biomass-ash,prediction,none-explicit,none-detected,I(data-driven),STANDARD,,
2-s2.0-85207693464,10.1007/s41939-024-00601-5,2025,"Multiscale and Multidisciplinary Modeling, Experiments and Design",Utilizing machine learning approaches within concrete technology offers an intelligent perspective towards sustainability in the construction industry: a comprehensive review,15,recycled-aggregate,prediction,waste-valorization,none-detected,I(data-driven),STANDARD,,
2-s2.0-105004811499,10.1016/j.jobe.2025.112879,2025,Journal of Building Engineering,Compressive strength prediction and feature analysis for GGBS-Based geopolymer concrete using optimized XGBoost and SHAP: A comparative study of optimization algorithms and experimental validation,37,slag,optimization,none-explicit,XAI;ext-val,I(data-driven),STANDARD,,
2-s2.0-85210256691,10.3390/buildings14113505,2024,Buildings,Soft Computing Techniques to Model the Compressive Strength in Geo-Polymer Concrete: Approaches Based on an Adaptive Neuro-Fuzzy Inference System,8,mixed/other-AAM,prediction,carbon,none-detected,I(data-driven),DEEP,,
2-s2.0-85214706029,10.1016/j.cscm.2025.e04203,2025,Case Studies in Construction Materials,Application of machine learning models for the optimisation of compressive strength and water resistance of geopolymer stabilised compacted earth,15,mixed/other-AAM,optimization,none-explicit,XAI,I(data-driven),STANDARD,,
2-s2.0-105006673583,10.1016/j.engappai.2025.111291,2025,Engineering Applications of Artificial Intelligence,Artificial intelligence-driven models for predicting mechanical properties of low-emission microwave-cured geopolymer mortar,5,mixed/other-AAM,prediction,carbon;durability,UQ,I(data-driven),DEEP,,
2-s2.0-105018835667,10.1007/s44150-025-00152-4,2025,"Architecture, Structures and Construction","Advanced geopolymer concrete with coconut fiber reinforcement: optimizing strength, durability, and predictive modelling for sustainable construction",13,slag,optimization,durability,none-detected,I(data-driven),STANDARD,,
2-s2.0-105025104609,10.5755/j02.ms.39657,2025,Medziagotyra,Palm Shell Ash-based Geopolymer Mortar Innovation as a Sustainable Construction Solution,1,mixed/other-AAM,prediction,carbon;waste-valorization,none-detected,I(data-driven),DEEP,,
2-s2.0-105018199458,10.1007/s41024-025-00704-7,2026,Journal of Building Pathology and Rehabilitation,Prediction of mechanical strengths of geopolymer concrete using optimized machine learning models with graphical user interface,7,slag,optimization,waste-valorization,XAI,I(data-driven),STANDARD,,
2-s2.0-105016307130,10.1016/j.wasman.2025.115139,2025,Waste Management,Novel insight into the heavy metal immobilization by coal fly ash-based geopolymers using machine learning and density functional theory,5,fly-ash,prediction,waste-valorization,XAI,V-candidate(mechanistic-hybrid),DEEP,,
2-s2.0-105029061007,10.1016/j.rineng.2026.109288,2026,Results in Engineering,Attention-based hybrid deep learning framework for modelling the compressive strength of ultra-high-performance geopolymer concrete,1,slag,optimization,none-explicit,XAI,I(data-driven),STANDARD,,
2-s2.0-105027164063,10.1038/s41598-025-30430-6,2026,Scientific Reports,"Prediction of rapid chloride permeability using silica fume, fly ash, GGBS and micro fibers based geopolymer concrete",9,FA-slag,optimization,durability,XAI,I(data-driven),STANDARD,,
2-s2.0-105010313241,10.1016/j.rineng.2025.106133,2025,Results in Engineering,Sustainable approach of strength measurement for soil's stabilized with geo-polymer with hybrid ensemble models,8,stabilized-soil,optimization,none-explicit,none-detected,II(domain-features),STANDARD,,
2-s2.0-105008226145,10.1016/j.clet.2025.101021,2025,Cleaner Engineering and Technology,Multivariate predictive modeling of compressive strength in ground granulated blast furnace slag/fly ash-based alkali-activated concrete,12,FA-slag,prediction,carbon;waste-valorization,none-detected,I(data-driven),DEEP,,
2-s2.0-105030190351,10.1007/s41024-026-00786-x,2026,Journal of Building Pathology and Rehabilitation,A hybrid metaheuristic-machine learning framework for high-fidelity prediction of geopolymer concrete compressive strength,0,mixed/other-AAM,optimization,none-explicit,XAI;UQ,I(data-driven),DEEP,,
2-s2.0-105019213120,10.1061/JSDCCC.SCENG-1565,2025,Journal of Structural Design and Construction Practice,Experimental Verification for Machine-Learning Approaches in Compressive Strength Prediction of Alkali-Activated Concrete,2,mixed/other-AAM,prediction,none-explicit,XAI,II(domain-features),STANDARD,,
2-s2.0-105011209320,10.1007/s42107-025-01449-x,2025,Asian Journal of Civil Engineering,A comparative study of NGBoost and traditional machine learning models for prediction of compressive strength of geopolymer concrete,4,mixed/other-AAM,prediction,none-explicit,OOD/transfer,I(data-driven),STANDARD,,
2-s2.0-105043609973,10.1016/j.eswa.2026.133523,2027,Expert Systems with Applications,Explainable stacked ensemble learning and multi-objective optimization for the intelligent design of green and low-carbon geopolymer concrete,0,FA-slag,multi-objective-optimization,carbon;cost,XAI;OOD/transfer,I(data-driven),DEEP,,
2-s2.0-85199388068,10.1016/j.mtcomm.2024.109915,2024,Materials Today Communications,AI-driven design for the compressive strength of ultra-high performance geopolymer concrete (UHPGC): From explainable ensemble models to the graphical user interface,42,mixed/other-AAM,prediction,cost,XAI,I(data-driven),STANDARD,,
2-s2.0-85206802350,10.1007/s43452-024-01002-8,2024,Archives of Civil and Mechanical Engineering ,Mix design determination procedure for geopolymer concrete based on target strength method,13,fly-ash,optimization,cost;waste-valorization,ext-val,II(domain-features),STANDARD,,
2-s2.0-85217952460,10.1016/j.istruc.2025.108444,2025,Structures,Frost resistance of steel fiber geopolymer concrete studied via the machine learning method,10,mixed/other-AAM,prediction,waste-valorization;durability,XAI;UQ,I(data-driven),DEEP,,
2-s2.0-105009228552,10.1016/j.jobe.2025.113302,2025,Journal of Building Engineering,Comparative evaluation of hybrid machine learning models for predicting the strength of metakaolin-based geopolymer concrete enhanced with Gaussian noise augmentation,73,metakaolin/clay,prediction,none-explicit,XAI;calibration,II(domain-features),DEEP,,
2-s2.0-105010434943,10.1016/j.clwas.2025.100352,2025,Cleaner Waste Systems,Predicting the compressive strength of laterite blocks stabilized with metakaolin geopolymer and sugarcane molasses via machine learning,12,metakaolin/clay;biomass-ash,prediction,durability,XAI,I(data-driven),STANDARD,,
2-s2.0-105041330738,10.54740/ros.2026.024,2026,Rocznik Ochrona Srodowiska,Data-Driven Prediction of CO2 Emissions in Low-Carbon Geopolymer Concrete Using Integrated Experimental Analysis and Machine Learning Techniques,0,FA-slag,prediction,carbon;LCA,OOD/transfer,I(data-driven),DEEP,,
2-s2.0-105009332234,10.1007/s43452-025-01254-y,2025,Archives of Civil and Mechanical Engineering ,Integrating advanced data imputation techniques and machine learning models to develop a predictive model for compressive strength of geopolymer concrete,2,fly-ash,prediction,carbon,XAI,II(domain-features),DEEP,,
2-s2.0-105017185093,10.1038/s41598-025-14365-6,2025,Scientific Reports,Comparison of deep LSTM and machine learning models for predicting compressive strength of fly ash/slag-based geopolymer concrete,5,FA-slag,prediction,waste-valorization,none-detected,II(domain-features),STANDARD,,
2-s2.0-105004441337,10.1007/s40996-025-01875-6,2026,Iranian Journal of Science and Technology - Transactions of Civil Engineering,Experimental and Machine Learning-Based Analysis of Oxide Ratios in Alumina-Silicate Geopolymer Formation,10,FA-slag,prediction,none-explicit,XAI,II(domain-features),STANDARD,,
2-s2.0-105044605134,10.1016/j.conbuildmat.2026.147430,2026,Construction and Building Materials,"Bacillus megaterium-incorporated GGBS geopolymer mortar: Explainable ensemble machine learning, multi-objective optimization, and probabilistic reliability assessment",0,slag,multi-objective-optimization,none-explicit,XAI;UQ;ext-val,I(data-driven),DEEP,,
2-s2.0-105037073940,10.3390/infrastructures11040138,2026,Infrastructures,"Biochar, Nanomaterials and Recycled Aggregates—Towards Future Sustainable Concrete and Alkali-Activated Materials",0,recycled-aggregate,optimization,carbon;cost;waste-valorization;durability,none-detected,I(data-driven),DEEP,,
2-s2.0-105018180577,10.1007/s10064-025-04501-x,2025,Bulletin of Engineering Geology and the Environment,Indirect estimation of compressive strength of industrial byproduct-geopolymer stabilized cohesive soils: a novel hybrid extreme gradient boosting model,1,stabilized-soil,optimization,waste-valorization,XAI;ext-val,II(domain-features),STANDARD,,
2-s2.0-85201257529,10.13189/cea.2024.120506,2024,Civil Engineering and Architecture,Prediction of the Compressive and Tensile Strengths of Geopolymer Concrete Using Artificial Neural Networks,5,FA-slag,prediction,none-explicit,none-detected,I(data-driven),STANDARD,,
2-s2.0-105039606129,10.1016/j.conbuildmat.2026.146774,2026,Construction and Building Materials,Reliable extrapolation in geopolymer concrete strength prediction using episodic-enhanced tabular foundation models,0,FA-slag,prediction,none-explicit,XAI;UQ;OOD/transfer,IV-claimed(physics-informed),DEEP,,
2-s2.0-85206837699,10.1016/j.conbuildmat.2024.138796,2024,Construction and Building Materials,Fracture toughness of alkali-activated concrete subjected to aggressive environment,9,slag,prediction,durability,XAI,I(data-driven),STANDARD,,
2-s2.0-105005709308,10.13167/2025.30.11,2025,Advances in Civil and Architectural Engineering,Investigating the feasibility of utilising bagasse ash and reclaimed asphalt pavement dust in geopolymer mortar,2,biomass-ash,prediction,carbon;waste-valorization,none-detected,I(data-driven),DEEP,,
2-s2.0-105007250382,10.1007/s41062-025-02068-w,2025,Innovative Infrastructure Solutions,Sustainable alkali-activated concrete modified with cement kiln dust and fly ash: an ai-based study,3,fly-ash,prediction,waste-valorization,UQ,II(domain-features),DEEP,,
2-s2.0-105040631331,10.1007/s42107-026-01714-7,2026,Asian Journal of Civil Engineering,Predictive modelling of fibre-reinforced geopolymer concrete strength using ensemble learning techniques,0,FA-slag,prediction,none-explicit,none-detected,I(data-driven),STANDARD,,
2-s2.0-105034023295,10.1016/j.scp.2026.102318,2026,Sustainable Chemistry and Pharmacy,"Sustainable alkali-activated mortars from blast furnace slag reinforced with basalt fibers: Thermal performance, microstructure, and machine learning analysis",1,slag,prediction,carbon,XAI,I(data-driven),DEEP,,
2-s2.0-105004709598,10.1016/j.wmb.2025.100212,2025,Waste Management Bulletin,Applications of machine learning algorithms on the compressive strength of laterite blocks made with metakaolin-based geopolymer and sugarcane molasses,6,metakaolin/clay;stabilized-soil;biomass-ash,prediction,none-explicit,XAI,I(data-driven),STANDARD,,
2-s2.0-105015491084,10.1109/ACCESS.2025.3608437,2025,IEEE Access,Prediction of the Compressive Strength of Alkali-Activated Mortar for Block-Work Binders Using Adaptive Neuro-Fuzzy Inference System,0,mixed/other-AAM,prediction,waste-valorization,ext-val,I(data-driven),STANDARD,,
2-s2.0-105032562793,10.1002/suco.70553,2026,Structural Concrete,Data-driven modeling of bond behavior between FRP bars and geopolymer concrete,1,mixed/other-AAM,classification,none-explicit,XAI;OOD/transfer,I(data-driven),STANDARD,,
2-s2.0-105030165278,10.1007/s42107-026-01647-1,2026,Asian Journal of Civil Engineering,Prognosis of ambient- and heat-cured compressive strength of alkali-activated geopolymer concrete: a rigorous comparison of machine learning models,1,slag,optimization,none-explicit,none-detected,V-candidate(mechanistic-hybrid),DEEP,,
2-s2.0-105009831186,10.22059/ceij.2024.364871.1956,2025,Civil Engineering Infrastructures Journal,Prediction of Compressive Strength of Geopolymer Fiber Reinforced Concrete Using Machine Learning,9,FA-slag,prediction,none-explicit,none-detected,I(data-driven),STANDARD,,
2-s2.0-105042663129,10.1061/JMCEE7.MTENG-22477,2026,Journal of Materials in Civil Engineering,Performance and Prediction Modeling of Environmentally Friendly Straw Retarder for Geopolymer Cement,0,fly-ash;biomass-ash,prediction,cost;waste-valorization,none-detected,I(data-driven),STANDARD,,
2-s2.0-105013745736,10.1016/j.cscm.2025.e05189,2025,Case Studies in Construction Materials,Strength and microstructural evaluation of sustainable geopolymer mortars using calcium carbonate sludge and fly ash as precursors,8,fly-ash,prediction,waste-valorization,XAI,I(data-driven),STANDARD,,
2-s2.0-85211487529,10.1016/j.envres.2024.120570,2025,Environmental Research,Effective carbon footprint assessment strategy in fly ash geopolymer concrete based on adaptive boosting learning techniques,19,fly-ash,prediction,carbon,none-detected,I(data-driven),DEEP,,
2-s2.0-105018191445,10.1111/ijac.70065,2026,International Journal of Applied Ceramic Technology,Comparative study of machine learning algorithms for predicting the compressive strength of geopolymer concrete,1,FA-slag;biomass-ash,prediction,none-explicit,none-detected,I(data-driven),STANDARD,,
2-s2.0-105012974450,10.1016/j.rineng.2025.106492,2025,Results in Engineering,Prediction of compressive strength of fly ash-based geopolymers concrete based on machine learning,18,fly-ash,prediction,carbon;cost,XAI,II(domain-features),DEEP,,
2-s2.0-105023464906,10.12989/sem.2025.96.1.013,2025,Structural Engineering and Mechanics,Sustainable stabilization of clay soils using fly ash and blast furnace slag-based geopolymers: Comprehensive experimental evaluation and artificial neural network modelling,3,FA-slag;stabilized-soil,optimization,durability,none-detected,I(data-driven),STANDARD,,
2-s2.0-105044539843,10.1007/s12289-026-02054-2,2026,International Journal of Material Forming,Reliability-aware compressive-strength prediction and inverse mix design of fly ash–GGBFS geopolymer concrete via conformal prediction,1,FA-slag;recycled-aggregate,inverse-design,waste-valorization,XAI;UQ;calibration;ext-val;OOD/transfer,I(data-driven),DEEP,,
2-s2.0-105040760538,10.1016/j.istruc.2026.112185,2026,Structures,Experimental evaluation and prediction model for shear capacity of screw connectors in built-up cold-formed steel composite columns with geopolymer concrete,0,recycled-aggregate,prediction,waste-valorization,none-detected,I(data-driven),STANDARD,,
2-s2.0-85208659397,10.1016/j.jobe.2024.111248,2024,Journal of Building Engineering,Integrating data imputation and augmentation with interpretable machine learning for efficient strength prediction of fly ash-based alkali-activated concretes,13,fly-ash,inverse-design,none-explicit,XAI,II(domain-features),DEEP,,
2-s2.0-105035607389,10.1007/s41062-026-02595-0,2026,Innovative Infrastructure Solutions,Holistic model validation and interpretation with SHAP for machine learning models: predicting compressive strength of fly ash geopolymer concrete using optimization algorithms and ensemble model,2,fly-ash,optimization,none-explicit,XAI;UQ;calibration,I(data-driven),DEEP,,
2-s2.0-85196817545,10.1007/s40996-023-01308-2,2024,Iranian Journal of Science and Technology - Transactions of Civil Engineering,Prediction of Compressive Strength of Alccofine-Based Geopolymer Concrete,20,mixed/other-AAM,prediction,carbon,none-detected,I(data-driven),DEEP,,
2-s2.0-105044047437,10.1038/s41598-026-51133-6,2026,Scientific Reports,Evaluate the compressive strength of fiber-reinforced geopolymer concrete incorporating ground granulated blast furnace slag with machine learning approach,0,slag,optimization,none-explicit,XAI,I(data-driven),STANDARD,,
2-s2.0-105035973927,10.1038/s41598-026-47208-z,2026,Scientific Reports,Predicting unconfined compressive strength of geopolymer-stabilized clays using a sector fruit fly–based extreme learning machine,7,slag;stabilized-soil,optimization,none-explicit,XAI,I(data-driven),STANDARD,,
2-s2.0-85199953588,10.1016/j.jobe.2024.110295,2024,Journal of Building Engineering,Understanding the synergistic geopolymerization mechanism of multiple solid wastes in ternary geopolymers,11,FA-slag,prediction,waste-valorization,none-detected,V-candidate(mechanistic-hybrid),DEEP,,
2-s2.0-105036727625,10.1016/j.rineng.2026.110632,2026,Results in Engineering,Metaheuristic optimization of a hybrid GMDH–RBF model for predicting the unconfined compressive strength of natural pozzolan-stabilized sand,0,stabilized-soil,optimization,cost,XAI,II(domain-features),STANDARD,,
2-s2.0-105031118297,10.1007/s42107-026-01652-4,2026,Asian Journal of Civil Engineering,Explainable machine learning integrated with bio-inspired optimization for predicting and interpreting the compressive strength of metakaolin-based geopolymers,0,metakaolin/clay,optimization,none-explicit,XAI,I(data-driven),STANDARD,,
2-s2.0-105001869174,10.1080/15376494.2024.2356074,2025,Mechanics of Advanced Materials and Structures,Unconfined compressive strength of geopolymers based soil: Model development using gene expression programming and a comparison with other computer-based approaches,4,stabilized-soil,prediction,none-explicit,none-detected,I(data-driven),STANDARD,,
2-s2.0-85195394462,10.1016/j.tust.2024.105877,2024,Tunnelling and Underground Space Technology,Intelligent design and seawater mixing performance of new synchronous grouting materials in a pure-solid-waste framework,18,FA-slag;biomass-ash,prediction,waste-valorization,none-detected,I(data-driven),STANDARD,,
2-s2.0-105029031811,10.1038/s41598-025-32654-y,2026,Scientific Reports,Mechanical and durability performance prediction of geopolymer incorporating ferrosilicon slag and aluminum powder using machine learning techniques,3,slag,prediction,carbon;durability,none-detected,I(data-driven),DEEP,,
2-s2.0-85216459155,10.1016/j.conbuildmat.2025.140249,2025,Construction and Building Materials,ITZs characterization in full-component geopolymer recycled concrete based on quantitative BSE-EDS images and nanoindentation techniques,38,recycled-aggregate,microstructure/image-analysis,waste-valorization,none-detected,I(data-driven),STANDARD,,
2-s2.0-85184141025,10.1016/j.cscm.2024.e02920,2024,Case Studies in Construction Materials,Data-driven approaches for strength prediction of alkali-activated composites,17,mixed/other-AAM,prediction,carbon,none-detected,I(data-driven),DEEP,,
2-s2.0-105043491755,10.1007/s40996-026-02208-x,2026,Iranian Journal of Science and Technology - Transactions of Civil Engineering,Experimental Insights and Machine Learning Prediction of Molarity and Temperature Effects on Geopolymer Concrete,0,slag,prediction,carbon;durability,XAI;UQ,I(data-driven),DEEP,,
2-s2.0-105019264834,10.1016/j.hybadv.2025.100569,2025,Hybrid Advances,Sustainable geopolymer concrete evaluation using machine learning and PDP analysis: Comparative insights into strength prediction,9,slag,optimization,carbon,XAI,I(data-driven),DEEP,,
2-s2.0-85211500004,10.48084/etasr.8912,2024,"Engineering, Technology and Applied Science Research",Evaluating Flexural Strength of Steel Fiber Reinforced Geopolymer Concrete using the ResNet Approach and Sensitivity Analysis,2,fly-ash,prediction,none-explicit,none-detected,I(data-driven),STANDARD,,
2-s2.0-85186632565,10.1007/s41939-023-00349-4,2024,"Multiscale and Multidisciplinary Modeling, Experiments and Design",Metaheuristic optimization of machine learning models for strength prediction of high-performance self-compacting alkali-activated slag concrete,37,slag,optimization,none-explicit,none-detected,I(data-driven),STANDARD,,
2-s2.0-85205475468,10.2478/sgem-2024-0020,2024,Studia Geotechnica et Mechanica,Intelligent Models for Prediction of Compressive Strength of Geopolymer Pervious Concrete Hybridized with Agro-Industrial and Construction-Demolition Wastes,14,slag;biomass-ash,prediction,waste-valorization,none-detected,I(data-driven),STANDARD,,
2-s2.0-105043570244,10.1515/rams-2025-0249,2026,Reviews on Advanced Materials Science,Predicting compressive strength of polyurethane-modified light weight geopolymer bricks using hybrid AI models,0,mixed/other-AAM,optimization,carbon,none-detected,I(data-driven),DEEP,,
2-s2.0-105006578328,10.1016/j.engappai.2025.111066,2025,Engineering Applications of Artificial Intelligence,Chemically-Guided extreme gradient boosting models for predicting the elastic modulus of alkali-activated Concrete: Insights into base learner variants,6,mixed/other-AAM,prediction,carbon,XAI,I(data-driven),DEEP,,
2-s2.0-105018300647,10.1016/j.cemconcomp.2025.106364,2026,Cement and Concrete Composites,Evaluation of strength development of one-part alkali-activated materials through machine learning and thermodynamic modelling,3,one-part,prediction,none-explicit,XAI,III-claimed(knowledge-guided),DEEP,,
2-s2.0-105010581861,10.1007/s42107-025-01423-7,2025,Asian Journal of Civil Engineering,Statistical and machine learning models for predicting the compressive strength of fly ash-based geopolymer mortar,0,fly-ash,optimization,cost,calibration,II(domain-features),DEEP,,
2-s2.0-105039856041,10.1007/s40996-026-02191-3,2026,Iranian Journal of Science and Technology - Transactions of Civil Engineering,Time-Dependent Durability Indicators and Physics-Informed Predictive Modelling of Engineered Geopolymer Aggregates,0,mixed/other-AAM,prediction,durability,XAI,IV-claimed(physics-informed),DEEP,,
2-s2.0-105003817525,10.1007/s41062-025-01973-4,2025,Innovative Infrastructure Solutions,"Evaluating the compressive strength of fly ash-slag-based geopolymer concrete: impact of hydraulic, silica, alumina, and lime moduli, and sodium silicate using various predictive models",13,FA-slag,prediction,carbon;waste-valorization,none-detected,I(data-driven),DEEP,,
2-s2.0-105027459068,10.3390/buildings16010123,2026,Buildings,From Machine Learning to Empirical Modelling: A Structured Framework for Predicting Compressive Strength of Fly Ash-Based Geopolymer Concrete,1,fly-ash,optimization,carbon,XAI,I(data-driven),DEEP,,
2-s2.0-105038428124,10.1016/j.jcsr.2026.110463,2026,Journal of Constructional Steel Research,"Compression performance of square concrete-filled steel tube columns with steel-fibre-reinforced geopolymer concrete: Experiment, simulation and machine-learning modelling",0,mixed/other-AAM,prediction,none-explicit,XAI,I(data-driven),STANDARD,,
2-s2.0-105030153533,10.1016/j.mtcomm.2026.114833,2026,Materials Today Communications,Toward a glass-box framework: Interpretable and statistically validated machine learning for geopolymer concrete strength prediction,2,slag,optimization,none-explicit,XAI,I(data-driven),STANDARD,,
2-s2.0-105042536203,10.1007/s11709-026-1321-9,2026,ENGINEERING Structure and Civil Engineering,Mechanical properties of GBFS + GVS based geopolymer mortars with different molarities exposed to high temperature: A combined experimental and machine learning approaches,0,slag,prediction,none-explicit,none-detected,I(data-driven),STANDARD,,
2-s2.0-105001472285,10.1007/s42107-025-01319-6,2025,Asian Journal of Civil Engineering,Machine learning modelling for strength prediction and durability investigation of alkali activated binders with POFA and granite dust,1,slag,prediction,waste-valorization;durability,none-detected,I(data-driven),STANDARD,,
2-s2.0-105008798704,10.1016/j.cscm.2025.e04961,2025,Case Studies in Construction Materials,Performance evaluation of geopolymer masonry units: A hybrid approach combining laboratory testing and AI modeling,9,mixed/other-AAM,prediction,none-explicit,none-detected,I(data-driven),STANDARD,,
2-s2.0-85214256862,10.1016/j.conbuildmat.2024.139746,2025,Construction and Building Materials,Transfer learning framework for modelling the compressive strength of ultra-high performance geopolymer concrete,24,mixed/other-AAM,prediction,none-explicit,OOD/transfer,I(data-driven),STANDARD,,
2-s2.0-85216618101,10.37934/arfmts.126.1.191202,2025,Journal of Advanced Research in Fluid Mechanics and Thermal Sciences,Optimal Curing Temperature for Determination of Compressive Strength of Geopolymer Concrete via Artificial Neural Network (ANN),1,fly-ash,prediction,durability,none-detected,I(data-driven),STANDARD,,
2-s2.0-85206653282,10.1016/j.jclepro.2024.143974,2024,Journal of Cleaner Production,Using acoustic emission to understand the early-age reaction and cracking evolution of alkali-activated slag-brick powder paste,10,slag,prediction,waste-valorization,none-detected,V-candidate(mechanistic-hybrid),DEEP,,
2-s2.0-105007553818,10.1080/15440478.2025.2509123,2025,Journal of Natural Fibers,Hybrid Metaheuristic Optimized Random Forest Models for Predicting Compressive Strength of Alkali Activated Concrete,8,slag,optimization,none-explicit,XAI,I(data-driven),STANDARD,,
2-s2.0-105002996668,10.1007/s43452-025-01190-x,2025,Archives of Civil and Mechanical Engineering ,Advancing coal gangue-based alkali-activated materials development through innovative data augmentation and machine learning strategies,5,tailings,inverse-design,carbon;waste-valorization,none-detected,IV-claimed(physics-informed),DEEP,,
2-s2.0-105040707399,10.1515/rams-2025-0230,2026,Reviews on Advanced Materials Science,Reducing clinker dependency through harmonized mix design of multi-supplemented concrete,0,slag,prediction,none-explicit,XAI,I(data-driven),STANDARD,,
2-s2.0-105039390331,10.1680/jstbu.25.00036,2025,Proceedings of the Institution of Civil Engineers: Structures and Buildings,Optimising sustainable alkali-activated mortar: experimental work and machine learning predictions,6,slag,multi-objective-optimization,none-explicit,none-detected,I(data-driven),DEEP,,
2-s2.0-105017298823,10.3390/jcs9090464,2025,Journal of Composites Science,Leveraging Machine Learning (ML) to Enhance the Structural Properties of a Novel Alkali Activated Bio-Composite,0,mixed/other-AAM,prediction,none-explicit,none-detected,I(data-driven),STANDARD,,
2-s2.0-105005078174,10.1016/j.cscm.2025.e04754,2025,Case Studies in Construction Materials,Next-generation cutting-edge hybrid AI frameworks for predicting rheological properties and CO₂ emissions in alkali-activated concrete,2,mixed/other-AAM,multi-objective-optimization,none-explicit,none-detected,I(data-driven),DEEP,,
2-s2.0-105024541765,10.18149/MPM.5342025_2,2025,Materials Physics and Mechanics,Predicting the flexural strength of 3D-printed geopolymer reinforced concrete using machine learning techniques,2,mixed/other-AAM,prediction,none-explicit,none-detected,I(data-driven),STANDARD,,
2-s2.0-105042298858,10.1038/s41598-026-49329-x,2026,Scientific Reports,Two stage AI framework for strength prediction and generative LLM for geopolymer concrete,0,mixed/other-AAM,inverse-design,none-explicit,none-detected,I(data-driven),DEEP,,
2-s2.0-105036957483,10.1680/jadcr.25.00226,2026,Advances in Cement Research,Strength prediction of silicon–aluminum phosphate geopolymers using machine learning,0,mixed/other-AAM,prediction,waste-valorization;durability,none-detected,II(domain-features),STANDARD,,
2-s2.0-105044615320,10.1007/s42107-026-01745-0,2026,Asian Journal of Civil Engineering,Stabilisation of marine clay subgrade with foundry sand and alkali-activated geopolymer: experimental and data-driven assessment,0,stabilized-soil,prediction,cost,none-detected,I(data-driven),STANDARD,,
2-s2.0-105037115322,10.1007/s10853-026-12762-4,2026,Journal of Materials Science,Fiber-reinforced geopolymer materials for intumescent fireproofing plasters,0,mixed/other-AAM,prediction,durability,none-detected,I(data-driven),STANDARD,,
2-s2.0-85196161609,10.1007/s41024-024-00461-z,2024,Journal of Building Pathology and Rehabilitation,Soft computing techniques for predicting the compressive strength properties of fly ash geopolymer concrete using regression-based machine learning approaches,20,fly-ash,prediction,cost;waste-valorization;durability,none-detected,I(data-driven),STANDARD,,
2-s2.0-105034905733,10.1007/s12649-026-03588-x,2026,Waste and Biomass Valorization,Capillary Water Absorption Properties of Alkali-Activated Biomass Ash/Blast Furnace Slag Recycled Concrete,1,slag;biomass-ash;recycled-aggregate,prediction,waste-valorization;durability,none-detected,I(data-driven),STANDARD,,
2-s2.0-105035599329,10.1007/s41062-026-02616-y,2026,Innovative Infrastructure Solutions,Experimental investigation with machine learning validation on the mechanical strength of natural fiber reinforced geopolymer concrete,0,FA-slag,prediction,none-explicit,XAI;OOD/transfer;repro-signal,I(data-driven),STANDARD,,
2-s2.0-105009338036,10.1002/suco.70211,2025,Structural Concrete,Assessing the impact of acid and sulfate exposure on alkali-activated materials using metaheuristic machine learning,4,fly-ash;stabilized-soil,prediction,carbon;LCA;waste-valorization;durability,XAI,I(data-driven),DEEP,,
2-s2.0-105030953685,10.1016/j.apples.2026.100307,2026,Applications in Engineering Science,Machine learning-based prediction of geopolymer concrete compressive strength using boosting and SVR models,3,fly-ash,optimization,cost,none-detected,II(domain-features),STANDARD,,
2-s2.0-85207246002,10.3390/recycling9050073,2024,Recycling,Performance Assessment of One-Part Self-Compacted Geopolymer Concrete Containing Recycled Concrete Aggregate: A Critical Comparison Using Artificial Neural Network (ANN) and Linear Regression Models,5,one-part;FA-slag;recycled-aggregate,prediction,carbon;waste-valorization,none-detected,I(data-driven),DEEP,,
2-s2.0-105032255721,10.1080/14680629.2026.2627519,2026,Road Materials and Pavement Design,Explainable machine learning and experimental modeling of mechanical properties in stabilized full-depth reclaimed pavement materials,1,fly-ash,optimization,cost;waste-valorization,XAI,I(data-driven),STANDARD,,
2-s2.0-85199941847,10.1016/j.cscm.2024.e03581,2024,Case Studies in Construction Materials,Synthesis of geopolymer mortar from biomass ashes and forecasting its compressive strength behaviour,20,FA-slag;biomass-ash,microstructure/image-analysis,waste-valorization;durability,OOD/transfer,I(data-driven),STANDARD,,
2-s2.0-105025718843,10.1016/j.jmrt.2025.08.064,2025,Journal of Materials Research and Technology,Explicit gradient boosting machine for accurate compressive strength prediction of metakaolin-based geopolymer concrete: feature importance and optimization,4,metakaolin/clay,optimization,none-explicit,XAI,II(domain-features),STANDARD,,
2-s2.0-105007747957,10.1039/d5na00103j,2025,Nanoscale Advances,Activation energy of aluminate dissolution in metakaolin: MLFF-accelerated DFT study of vdW and hydration shell effects,13,metakaolin/clay,prediction,carbon,none-detected,I(data-driven),DEEP,,
2-s2.0-105012464267,10.30564/jbms.v7i2.9693,2025,Journal of Building Material Science,"Influence of Fly Ash, Alcofine, Alkaline Molarity, Curing Duration and Machine Learning Predictions on Geopolymer Concrete",0,fly-ash,prediction,durability,none-detected,I(data-driven),STANDARD,,
2-s2.0-85209992769,10.1016/j.susmat.2024.e01191,2024,Sustainable Materials and Technologies,Machine learning models for predicting the compressive strengths of ordinary Portland cement concrete and alkali-activated materials,11,FA-slag,prediction,waste-valorization,OOD/transfer,I(data-driven),STANDARD,,
2-s2.0-85179303220,10.1007/s41939-023-00303-4,2024,"Multiscale and Multidisciplinary Modeling, Experiments and Design",Ensemble learning models to predict the compressive strength of geopolymer concrete: a comparative study for geopolymer composition design,12,mixed/other-AAM,optimization,none-explicit,none-detected,II(domain-features),STANDARD,,
2-s2.0-105018824022,10.1007/s42107-025-01562-x,2026,Asian Journal of Civil Engineering,Experimental insights and hybridized ensemble machine learning validation of fiber reinforced geopolymer concrete strength,6,mixed/other-AAM,prediction,none-explicit,XAI,I(data-driven),STANDARD,,
2-s2.0-85195155742,10.1007/s13369-024-09179-z,2025,Arabian Journal for Science and Engineering,"Predicting Mechanical Properties in Geopolymer Mortars, Including Novel Precursor Combinations, Through XGBoost Method",18,fly-ash,prediction,carbon;waste-valorization;durability,none-detected,I(data-driven),DEEP,,
2-s2.0-105018032018,10.1016/j.oceram.2025.100861,2025,Open Ceramics,Systematic data-driven meta-analysis of class F fly-ash geopolymer concrete,3,fly-ash,optimization,carbon;LCA,repro-signal,I(data-driven),DEEP,,
2-s2.0-85200056883,10.1016/j.engappai.2024.109053,2024,Engineering Applications of Artificial Intelligence,Machine-learning methods for estimating compressive strength of high-performance alkali-activated concrete,176,mixed/other-AAM,prediction,carbon;cost,none-detected,I(data-driven),DEEP,,
2-s2.0-85195310148,10.1007/s11356-024-33853-2,2024,Environmental Science and Pollution Research,Deep learning–based prediction of compressive strength of eco-friendly geopolymer concrete,20,FA-slag,prediction,waste-valorization,none-detected,I(data-driven),STANDARD,,
2-s2.0-85197391496,10.1016/j.clema.2024.100258,2024,Cleaner Materials,Using ensemble machine learning and metaheuristic optimization for modelling the elastic modulus of geopolymer concrete,23,mixed/other-AAM,multi-objective-optimization,carbon;durability,XAI,I(data-driven),DEEP,,
2-s2.0-105007905850,10.12989/cac.2025.35.6.709,2025,Computers and Concrete,Prediction model for compressive strength and drying shrinkage of alkali-activated materials: Evaluation of XGBoost and LightGBM,1,mixed/other-AAM,prediction,none-explicit,none-detected,I(data-driven),STANDARD,,
2-s2.0-85195414042,10.1007/s13369-024-09102-6,2025,Arabian Journal for Science and Engineering,Ultrasonic Pulse Velocity and Mechanical and Physical Properties of Structural Geopolymer Concrete Containing Lightweight Expanded Clay Aggregates: Experimental and Computational Study,4,slag,prediction,none-explicit,none-detected,I(data-driven),STANDARD,,
2-s2.0-105015045991,10.1016/j.conbuildmat.2025.143411,2025,Construction and Building Materials,Alkali activation effect on geopolymer cementitious systems: Microstructural evolution study and GA-BP neural network-based strength simulation,7,slag;red-mud,prediction,cost;waste-valorization,none-detected,I(data-driven),STANDARD,,
2-s2.0-85218862966,10.1038/s41598-025-91049-1,2025,Scientific Reports,Optimizing the utilization of Metakaolin in pre-cured geopolymer concrete using ensemble and symbolic regressions,17,fly-ash;metakaolin/clay,optimization,none-explicit,none-detected,II(domain-features),STANDARD,,
2-s2.0-85207707214,10.3390/infrastructures9100181,2024,Infrastructures,Proposing Optimized Random Forest Models for Predicting Compressive Strength of Geopolymer Composites,24,FA-slag,optimization,waste-valorization,none-detected,I(data-driven),STANDARD,,
2-s2.0-105009374396,10.21660/2025.130.4902,2025,International Journal of GEOMATE,MIX PROPORTION OF FLY ASH AND SILICA FUME MORTAR USING THE ANN-GRADIENT DESCENT MODEL FOR PREDICTING COMPRESSIVE STRENGTH,0,fly-ash,prediction,none-explicit,none-detected,I(data-driven),STANDARD,,
2-s2.0-105034959583,10.1371/journal.pone.0336654,2026,PLOS ONE,Predicting CO2 emissions and strength of FA-SF geopolymer mortar: An ANN approach for sustainable construction,0,fly-ash,prediction,carbon;LCA;cost,XAI,II(domain-features),DEEP,,
2-s2.0-105025044998,10.14359/51747873,2025,ACI Materials Journal,Predicting Geopolymer Ultra-High-Performance Concrete Strength Using Machine Learning,5,slag,prediction,none-explicit,none-detected,I(data-driven),STANDARD,,
2-s2.0-105040709144,10.32604/cmes.2026.081794,2026,CMES - Computer Modeling in Engineering and Sciences,Interpretable Deep Learning Framework for Predicting Compressive Strength of Steel Fiber Reinforced Geopolymer Concrete,0,FA-slag,prediction,waste-valorization,XAI;ext-val,I(data-driven),STANDARD,,
2-s2.0-105015148444,10.1016/j.jobe.2025.113820,2025,Journal of Building Engineering,Physics-informed neural network approach for identifying free chloride diffusion coefficient in alkali-activated mortars,2,FA-slag,prediction,carbon;durability,none-detected,IV-claimed(physics-informed),DEEP,,
2-s2.0-86000288956,10.32526/ennrj/23/20240170,2025,Environment and Natural Resources Journal,Performance and Heavy Metal Leaching Behavior of Bituminous Fly Ash-Based Geopolymer in Aggressive Environments,0,fly-ash,prediction,waste-valorization;durability,none-detected,II(domain-features),STANDARD,,EC3-candidate (recode: no ML detectable)
2-s2.0-105032913161,10.1080/10426507.2026.2634948,2026,"Phosphorus, Sulfur and Silicon and the Related Elements",Optimization and performance evaluation of PET-SiO2 polymer-modified geopolymer concrete employing integrated RSM-ANN approach,0,mixed/other-AAM,optimization,none-explicit,none-detected,II(domain-features),STANDARD,,
2-s2.0-85208165987,10.1038/s41598-024-77144-9,2024,Scientific Reports,Artificial intelligence prediction of the mechanical properties of banana peel-ash and bagasse blended geopolymer concrete,48,biomass-ash,prediction,waste-valorization,none-detected,I(data-driven),STANDARD,,
2-s2.0-105021414526,10.1080/17486025.2025.2585982,2026,Geomechanics and Geoengineering,"Recycled lime waste–activated geopolymer grouts with RCP and nano-zeolite: novel insights into soil plasticity, capillary effects, thermal performance, and random forest modeling",1,stabilized-soil,prediction,waste-valorization;durability,none-detected,I(data-driven),STANDARD,,
2-s2.0-85193968008,10.1016/j.jobe.2024.109731,2024,Journal of Building Engineering,Surface reinforcement of recycled aggregates (RAs) by geopolymer and quantifying its morphological characteristics by machine learning,15,fly-ash;recycled-aggregate,microstructure/image-analysis,waste-valorization,none-detected,II(domain-features),STANDARD,,
2-s2.0-105029733479,10.1016/j.autcon.2025.106667,2026,Automation in Construction,Automated construction of knowledge graphs for accelerated design and understanding of ultra-high-performance concrete,4,mixed/other-AAM,prediction,waste-valorization,XAI;OOD/transfer,III-claimed(knowledge-guided),DEEP,,
2-s2.0-105000382759,10.1016/j.conbuildmat.2025.140891,2025,Construction and Building Materials,Evaluating the compressive strength of industrial wastes-based geopolymer concrete with machine learning models,17,FA-slag,prediction,waste-valorization,XAI,I(data-driven),STANDARD,,
2-s2.0-105000282186,10.1088/1402-4896/adbe0c,2025,Physica Scripta,Optimizing the compressive strength prediction of geopolymer lime mortars using the PCA-ELM artificial intelligence model,2,FA-slag,prediction,none-explicit,none-detected,I(data-driven),STANDARD,,
2-s2.0-85189751976,10.1016/j.cscm.2024.e03130,2024,Case Studies in Construction Materials,Predictive modelling of compressive strength of fly ash and ground granulated blast furnace slag based geopolymer concrete using machine learning techniques,61,FA-slag,prediction,none-explicit,none-detected,I(data-driven),STANDARD,,
2-s2.0-105002716146,10.1038/s41598-025-96772-3,2025,Scientific Reports,Comparison of regression based functions and ANN models for predicting the compressive strength of geopolymer mortars,1,slag,prediction,cost,none-detected,I(data-driven),STANDARD,,
2-s2.0-105018310500,10.1007/s42247-025-01242-1,2025,Emergent Materials,"Mechanical, microstructural, and durability performance of fly ash-GGBS geopolymer concrete incorporating rice husk ash and silica fume",3,FA-slag;biomass-ash,prediction,durability,none-detected,I(data-driven),STANDARD,,
2-s2.0-105036193851,10.1007/s43621-025-02447-4,2026,Discover Sustainability,Machine learning optimized dry lean geopolymer concrete with reclaimed asphalt pavement for sustainable pavement applications,0,FA-slag;metakaolin/clay,multi-objective-optimization,carbon;LCA;cost;durability,none-detected,II(domain-features),DEEP,,
2-s2.0-105009654738,10.1016/j.aiig.2025.100128,2025,Artificial Intelligence in Geosciences,Interpretable machine learning models for evaluating strength of ternary geopolymers,2,FA-slag,optimization,waste-valorization,XAI;OOD/transfer,I(data-driven),STANDARD,,
2-s2.0-105008974012,10.3390/buildings15122081,2025,Buildings,AI-Driven Optimization of Fly Ash-Based Geopolymer Concrete for Sustainable High Strength and CO2 Reduction: An Application of Hybrid Taguchi–Grey–ANN Approach,13,fly-ash,optimization,carbon;LCA;waste-valorization,none-detected,I(data-driven),DEEP,,
2-s2.0-105005391532,10.1016/j.conbuildmat.2025.141704,2025,Construction and Building Materials,Research on predicting the compressive strength of soda residue-based alkali-activated materials under various curing conditions using machine learning approaches,4,mixed/other-AAM,prediction,waste-valorization,none-detected,II(domain-features),STANDARD,,
2-s2.0-105033477210,10.1007/s11709-026-1274-z,2026,ENGINEERING Structure and Civil Engineering,Explainable machine learning for predicting the mechanical strength of eco-friendly geopolymer concrete,3,slag;biomass-ash,optimization,none-explicit,XAI,I(data-driven),STANDARD,,
2-s2.0-105026281077,10.1016/j.jece.2025.119847,2025,Journal of Environmental Chemical Engineering,From waste to resource: Upcycling red mud as eco-friendly geopolymer for the circular economy,12,red-mud,prediction,LCA;cost;waste-valorization;durability,none-detected,I(data-driven),DEEP,,
2-s2.0-105021502657,10.13167/2025.31.9,2025,Advances in Civil and Architectural Engineering,Comparative study on predicting the compressive strength of oven-cured fly ash and slag-based geopolymer concrete using soft computing techniques,5,FA-slag,prediction,waste-valorization,none-detected,I(data-driven),STANDARD,,
2-s2.0-85204787307,10.1016/j.rineng.2024.102973,2024,Results in Engineering,Exploring the rheological and mechanical properties of alkali activated mortar incorporating waste foundry sand: A comprehensive experimental and machine learning investigation,15,mixed/other-AAM,prediction,cost;waste-valorization,none-detected,I(data-driven),STANDARD,,
2-s2.0-85193213850,10.1007/s42107-024-01062-4,2024,Asian Journal of Civil Engineering,A study on mechanical properties of inorganic binders used in textile reinforced concrete using artificial neural network,4,mixed/other-AAM,prediction,none-explicit,none-detected,I(data-driven),STANDARD,,
2-s2.0-105001301660,10.2478/sgem-2025-0007,2024,Studia Geotechnica et Mechanica,Predictive Modelling of Pavement Quality Fibre-Reinforced Alkali-Activated Nano-Concrete Mixes through Artificial Intelligence,4,mixed/other-AAM,prediction,cost;durability,none-detected,I(data-driven),STANDARD,,
2-s2.0-105040028811,10.1177/13694332261454972,2026,Advances in Structural Engineering,Unified prediction model for concrete strength based on progressive feature fusion and knowledge transfer,0,recycled-aggregate,prediction,waste-valorization,XAI;ext-val;OOD/transfer,I(data-driven),STANDARD,,
2-s2.0-105031183751,10.1016/j.mtcomm.2026.114914,2026,Materials Today Communications,Predicting the mechanical strength of geopolymer concrete by using ensemble learning with nature-inspired intelligence,0,mixed/other-AAM,optimization,none-explicit,XAI;repro-signal,I(data-driven),STANDARD,,
2-s2.0-105024334482,10.1016/j.dibe.2025.100820,2025,Developments in the Built Environment,Integrating obsidian and silica fume in geopolymer mortars: Strength prediction via meta-ensemble machine learning framework,2,mixed/other-AAM,prediction,carbon;waste-valorization;durability,XAI;UQ,I(data-driven),DEEP,,
2-s2.0-105001833617,10.1016/j.conbuildmat.2025.140991,2025,Construction and Building Materials,A data-driven rate-dependent constitutive model for ultra-high strength alkali-activated concrete under impact load,5,mixed/other-AAM,prediction,none-explicit,calibration,I(data-driven),DEEP,,
2-s2.0-105025798564,10.1007/s41062-025-02430-y,2026,Innovative Infrastructure Solutions,Machine learning-based prediction of the compressive strength of sustainable geopolymer concrete with metakaolin and fly ash using ensemble techniques,1,FA-slag;metakaolin/clay,prediction,none-explicit,none-detected,I(data-driven),STANDARD,,
2-s2.0-105036133574,10.1007/s40996-026-02152-w,2026,Iranian Journal of Science and Technology - Transactions of Civil Engineering,Strength and Durability Optimization of Geopolymer Concrete Using Nano-Silica and CO₂ Curing,0,FA-slag,optimization,durability,none-detected,I(data-driven),STANDARD,,
2-s2.0-85199965976,10.1007/s41062-024-01632-0,2024,Innovative Infrastructure Solutions,Compatibility of sustainable geopolymer based on artificial neural network,2,slag;biomass-ash,prediction,carbon,none-detected,I(data-driven),DEEP,,
2-s2.0-105000633536,10.1007/s12652-025-04960-w,2025,Journal of Ambient Intelligence and Humanized Computing,Usage of machine learning methods for forecasting the strength of environmentally friendly geopolymer concrete,1,slag,optimization,none-explicit,none-detected,I(data-driven),STANDARD,,
2-s2.0-105037508530,10.1007/s10973-026-15494-4,2026,Journal of Thermal Analysis and Calorimetry,Machine learning-based analysis of thermal performance in graphite-integrated fly ash-GGBS geopolymer with palmitic acid phase change material,0,FA-slag,prediction,waste-valorization;durability,none-detected,V-candidate(mechanistic-hybrid),DEEP,,
2-s2.0-105034292052,10.1016/j.conbuildmat.2026.146101,2026,Construction and Building Materials,Optimizing porous geopolymer insulation materials using response surface methodology and machine learning,2,mixed/other-AAM,multi-objective-optimization,none-explicit,none-detected,I(data-driven),DEEP,,
2-s2.0-105043188698,10.3390/ma19122474,2026,Materials,A Stacking Ensemble-Based Framework for Predicting the Compressive Strength of Microwave-Cured Geopolymers,0,mixed/other-AAM,prediction,none-explicit,XAI,I(data-driven),STANDARD,,
2-s2.0-105003190803,10.1016/j.asoc.2025.113149,2025,Applied Soft Computing,Development and optimization of geopolymer concrete with compressive strength prediction using particle swarm-optimized extreme gradient boosting,13,slag;biomass-ash,optimization,cost,XAI,I(data-driven),STANDARD,,
2-s2.0-105023830473,10.1016/j.compstruct.2025.119906,2026,Composite Structures,Novel hybrid machine learning framework for high-fidelity prediction of fly ash-based geopolymer concrete strength,8,fly-ash,optimization,none-explicit,XAI;OOD/transfer,I(data-driven),STANDARD,,
2-s2.0-105044951950,10.1080/19648189.2026.2660347,2026,European Journal of Environmental and Civil Engineering,Effect of cement kiln dust on expansive subgrade stabilised with alkali-activated fly ash,0,fly-ash;stabilized-soil,prediction,carbon;cost,none-detected,I(data-driven),DEEP,,
2-s2.0-105030925191,10.1016/j.mtcomm.2026.114883,2026,Materials Today Communications,Data driven modeling and experimental validation of alkali activated materials for construction applications,0,fly-ash,prediction,none-explicit,ext-val,I(data-driven),STANDARD,,
2-s2.0-105006902957,10.1080/24705314.2025.2503027,2025,Journal of Structural Integrity and Maintenance,AI based predictive modelling for compressive strength of metakaolin-based geopolymer concrete incorporated with Nano Titanium,29,metakaolin/clay,prediction,carbon;waste-valorization,XAI,I(data-driven),DEEP,,
2-s2.0-105032523043,10.1016/j.conbuildmat.2026.145929,2026,Construction and Building Materials,Prediction of compressive strength loss rate in geopolymer composites under freeze–thaw cycles via machine learning,2,mixed/other-AAM,prediction,cost;durability,XAI,II(domain-features),STANDARD,,
2-s2.0-105022155890,10.1016/j.conbuildmat.2025.144257,2025,Construction and Building Materials,NGBoost-based prediction of carbonation in Alkali-activated slag concrete enhanced by metaheuristic algorithms,2,slag,optimization,carbon;durability,XAI;UQ,I(data-driven),DEEP,,
2-s2.0-85201153810,10.1061/JCCEE5.CPENG-5956,2024,Journal of Computing in Civil Engineering,Novel Optical-Inspired Rain Forest for the Explainable Prediction of Geopolymer Concrete Compressive Strength,4,mixed/other-AAM,prediction,none-explicit,XAI,I(data-driven),STANDARD,,
2-s2.0-85186526882,10.1016/j.advengsoft.2024.103611,2024,Advances in Engineering Software,Modelling the compressive strength of geopolymer recycled aggregate concrete using ensemble machine learning,83,FA-slag;recycled-aggregate,inverse-design,carbon;waste-valorization,none-detected,I(data-driven),DEEP,,
2-s2.0-105023912470,10.1038/s41598-025-27229-w,2025,Scientific Reports,Durability and service life prediction of fly ash based geopolymer high performance concrete under extreme environmental conditions,7,fly-ash,optimization,durability,XAI;UQ,IV-claimed(physics-informed),DEEP,,
2-s2.0-105045152956,10.1371/journal.pone.0352645,2026,PloS one,Interpretable machine learning with Bayesian optimization for bond strength prediction of steel reinforcement in geopolymer concrete,0,mixed/other-AAM,optimization,none-explicit,XAI,II(domain-features),STANDARD,,
2-s2.0-105041496380,10.1016/j.nxmate.2026.102519,2026,Next Materials,Data driven predictive analysis of hardened properties of sustainable geopolymer concrete developed by using fly ash and sugarcane bagasse ash using explainable AI,1,fly-ash;biomass-ash,prediction,carbon;cost,XAI,I(data-driven),DEEP,,
2-s2.0-105028410434,10.1016/j.microc.2026.117053,2026,Microchemical Journal,AI-driven smart materials intelligence for the sustainable valorization of phosphogypsum in green engineering applications,4,fly-ash,multi-objective-optimization,waste-valorization,ext-val,II(domain-features),DEEP,,
2-s2.0-105028406064,10.1080/21650373.2026.2617175,2026,Journal of Sustainable Cement-Based Materials,Development of a machine learning algorithm for predicting compressive strength of alkali-activated recycled concrete,6,recycled-aggregate,prediction,carbon;waste-valorization,XAI,I(data-driven),DEEP,,
2-s2.0-105022121554,10.1038/s41598-025-24058-9,2025,Scientific Reports,Modeling and optimization of Multi-Waste foam geopolymers using central composite design and neural networks,3,metakaolin/clay;recycled-aggregate,optimization,waste-valorization,XAI,I(data-driven),STANDARD,,
2-s2.0-105041318827,10.1016/j.dibe.2026.100971,2026,Developments in the Built Environment,Data-driven prediction of strength development of alkali-activated concrete with uncertainty quantification using interpretable amortised Gaussian process,0,mixed/other-AAM,prediction+UQ,none-explicit,XAI;UQ;calibration,III-claimed(knowledge-guided),DEEP,,
2-s2.0-85209147888,10.1080/15376494.2024.2390182,2025,Mechanics of Advanced Materials and Structures,AI-based non-linear models for mechanical and toughness properties of sustainable fiber-reinforced geopolymer concrete (FRGPC),8,mixed/other-AAM,prediction,cost,XAI,I(data-driven),STANDARD,,
2-s2.0-105039825343,10.21608/jesaun.2026.448323.1979,2025,Journal of Engineering Sciences,Predictive Modeling of Geopolymer Concrete Compressive Strength using Machine Learning: Experimental Analysis and Mix Optimization,0,fly-ash,optimization,none-explicit,XAI,I(data-driven),STANDARD,,
2-s2.0-105021995286,10.1016/j.rinma.2025.100814,2025,Results in Materials,Effect of ingredients and experimental parameter on the rheological and mechanical properties of self-compacting agro-geopolymer paste: Experimental and autoencoder based deep learning techniques,0,mixed/other-AAM,prediction,carbon;cost,OOD/transfer,I(data-driven),DEEP,,
2-s2.0-105034919883,10.1007/s41062-026-02577-2,2026,Innovative Infrastructure Solutions,HMCS-WB: a hybrid model for enhanced prediction of concrete compressive strength via weight-bias optimization,0,mixed/other-AAM,optimization,none-explicit,XAI;ext-val,I(data-driven),STANDARD,,
2-s2.0-105036490054,10.11591/ijict.v14i3.pp822-829,2025,International Journal of Informatics and Communication Technology,Modeling chemical kinetics of geopolymers using physics informed neural network,0,mixed/other-AAM,prediction,none-explicit,none-detected,IV-claimed(physics-informed),DEEP,,
2-s2.0-105003500989,10.1021/acs.langmuir.4c04969,2025,Langmuir,Optimization of Material Composition for Improving Mechanical Properties of Fly Ash-Slag-Based Geopolymers: A Deep Learning Approach,7,FA-slag;metakaolin/clay,optimization,none-explicit,OOD/transfer,II(domain-features),STANDARD,,
2-s2.0-85190499313,10.1007/s42107-024-01049-1,2024,Asian Journal of Civil Engineering,"Analysis of mechanical properties of fly ash and bauxite residue based geopolymer concrete using ANN, Random Forest and Counter propagation neural network",10,fly-ash,prediction,waste-valorization,none-detected,I(data-driven),STANDARD,,
2-s2.0-105022295083,10.1016/j.engappai.2025.113254,2026,Engineering Applications of Artificial Intelligence,Multi-objective mix optimization of geopolymer recycled aggregate concrete using prior knowledge embedded neural network and evolutionary algorithm,6,slag;recycled-aggregate,multi-objective-optimization,carbon;waste-valorization,XAI;ext-val,III-claimed(knowledge-guided),DEEP,,
2-s2.0-105003247892,10.1680/jgrim.24.00104,2025,Proceedings of the Institution of Civil Engineers: Ground Improvement,Leveraging ML for predicting UCS of soil stabilised with one-part alkali-activated binder,4,one-part;stabilized-soil,prediction,none-explicit,none-detected,I(data-driven),STANDARD,,
2-s2.0-105002806497,10.1007/s42107-025-01336-5,2025,Asian Journal of Civil Engineering,The anticipation of compressive strength of geopolymer mortars with tree-based machine learning models: effect of training-testing ratios,4,mixed/other-AAM,prediction,none-explicit,none-detected,I(data-driven),STANDARD,,
2-s2.0-105017585876,10.1016/j.cscm.2025.e05311,2025,Case Studies in Construction Materials,Machine learning-based prediction of carbonation depth in alkali-activated materials: Integrating physics knowledge and data augmentation,3,mixed/other-AAM,inverse-design,durability,XAI,IV-claimed(physics-informed),DEEP,,
2-s2.0-105039969368,10.3390/eng7050192,2026,Eng,"Exploring Variable Influences on the Compressive Strength of Alkali-Activated Concrete Using Ensemble Tree, Deep Learning Methods and SHAP-Based Interpretation",1,FA-slag,optimization,durability,XAI;calibration,II(domain-features),DEEP,,
2-s2.0-105019747797,10.1016/j.cscm.2025.e05407,2025,Case Studies in Construction Materials,"Explainable multi-output AI modeling for Fly Ash-Ground Granulated Blast Furnace Slag geopolymers: Predicting strength, workability, and embodied carbon",1,FA-slag,prediction,carbon,XAI,V-candidate(mechanistic-hybrid),DEEP,,
2-s2.0-105018068886,10.1016/j.istruc.2025.110348,2025,Structures,Freeze-thaw damage assessment of concrete based on surface morphology: Study on the difference of different immersion areas,0,fly-ash,microstructure/image-analysis,durability,none-detected,I(data-driven),STANDARD,,
2-s2.0-105046428986,10.1016/j.nxmate.2026.103079,2026,Next Materials,Cross-dataset stability assessment of a fixed-configuration CatBoost model across heterogeneous civil engineering material datasets,0,fly-ash;recycled-aggregate,prediction,waste-valorization,ext-val,I(data-driven),STANDARD,,
2-s2.0-85192746831,10.3390/app14093601,2024,Applied Sciences (Switzerland),Effect of Data Augmentation Using Deep Learning on Predictive Models for Geopolymer Compressive Strength,25,FA-slag,inverse-design,none-explicit,none-detected,I(data-driven),DEEP,,
2-s2.0-85183357076,10.1038/s41598-024-52825-7,2024,Scientific Reports,Boosting-based ensemble machine learning models for predicting unconfined compressive strength of geopolymer stabilized clayey soil,62,FA-slag;stabilized-soil,prediction,none-explicit,none-detected,I(data-driven),STANDARD,,
2-s2.0-86000382653,10.1080/10589759.2024.2334434,2025,Nondestructive Testing and Evaluation,Utilizing an enhanced machine learning approach for geopolymer concrete analysis,13,mixed/other-AAM,optimization,carbon,repro-signal,I(data-driven),DEEP,,
2-s2.0-105030825424,10.1016/j.rineng.2026.109621,2026,Results in Engineering,Influence of chemical components and molar ratios on strength development of one-part alkali-activated mortar: Ensemble machine learning models,2,one-part,optimization,none-explicit,XAI,II(domain-features),STANDARD,,
2-s2.0-105030932002,10.1016/j.rineng.2026.109702,2026,Results in Engineering,Predicting hygro-mechanical properties of natural Borassus fiber reinforced bio-based alkali activated matrix: an ensemble learning approach,0,mixed/other-AAM,prediction,none-explicit,none-detected,I(data-driven),STANDARD,,
2-s2.0-105018079893,10.1016/j.istruc.2025.110281,2025,Structures,An interpretable machine learning approach with graphical user interface for strength prediction of sustainable slag-based geopolymer concrete,7,slag,prediction,none-explicit,XAI,I(data-driven),STANDARD,,
2-s2.0-85205574200,10.1088/2053-1591/ad75e9,2024,Materials Research Express,Experimental investigation on mechanical and microstructural properties of self-compacting geopolymer concrete with different mineral admixtures,7,FA-slag,prediction,carbon;waste-valorization,none-detected,II(domain-features),DEEP,,
2-s2.0-105014732298,10.1007/s00500-025-10710-z,2025,Soft Computing,Multi-objective prediction of alkali-activated material properties and material parameter design,3,mixed/other-AAM,multi-objective-optimization,carbon;waste-valorization,XAI,II(domain-features),DEEP,,
2-s2.0-85207006400,10.1016/j.cscm.2024.e03849,2024,Case Studies in Construction Materials,Explicable AI-based modeling for the compressive strength of metakaolin-derived geopolymers,9,FA-slag;metakaolin/clay,prediction,waste-valorization,XAI,I(data-driven),STANDARD,,
2-s2.0-85190815516,10.1016/j.jobe.2024.109344,2024,Journal of Building Engineering,An innovative intelligent design method of alkali-activated foamed geopolymer: Mixture optimization and performance prediction,6,FA-slag;metakaolin/clay,optimization,none-explicit,OOD/transfer,II(domain-features),STANDARD,,
2-s2.0-105007925869,10.1016/j.nxmate.2025.100812,2025,Next Materials,Development of an artificial neural network (ANN) based model for tailoring the fracture response of eco-friendly engineered geopolymer composites (EGC),11,mixed/other-AAM,prediction,none-explicit,none-detected,I(data-driven),STANDARD,,
2-s2.0-105026264394,10.1016/j.powtec.2025.122082,2026,Powder Technology,Explainable machine learning prediction of compressive strength in ternary industrial waste-based geopolymer grouting material,1,FA-slag;red-mud,optimization,carbon;waste-valorization,XAI,I(data-driven),DEEP,,
2-s2.0-105013384056,10.3390/buildings15152645,2025,Buildings,Analysis on the Ductility of One-Part Geopolymer-Stabilized Soil with PET Fibers: A Deep Learning Neural Network Approach,4,one-part;fly-ash;stabilized-soil,prediction,waste-valorization,XAI,I(data-driven),STANDARD,,
2-s2.0-105041155252,10.1016/j.conbuildmat.2026.146933,2026,Construction and Building Materials,Parametric insights into carbonate activated GGBS-FA geopolymer concrete incorporating recycled concrete aggregate through hybrid statistical machine learning modelling,0,FA-slag;recycled-aggregate,prediction,carbon;waste-valorization;durability,none-detected,I(data-driven),DEEP,,
2-s2.0-105026298059,10.1038/s41598-025-28690-3,2025,Scientific Reports,Multi-scale theoretical modeling with molecular simulation framework for fly ash-based high-performance concrete,12,fly-ash,optimization,none-explicit,none-detected,I(data-driven),STANDARD,,
2-s2.0-85201125556,10.12989/scs.2024.52.3.293,2024,Steel and Composite Structures,Predicting tensile strength of reinforced concrete composited with geopolymer using several machine learning algorithms,5,FA-slag,prediction,cost,none-detected,I(data-driven),STANDARD,,
2-s2.0-105044111031,10.1007/s40996-026-02212-1,2026,Iranian Journal of Science and Technology - Transactions of Civil Engineering,Chemically Engineered Dual-Network Carbonate-Phosphate Alkali-Activated Geopolymer Reinforced with Hybrid Micro-Nano Reinforcements for High-Durability Structural Concrete,0,FA-slag,multi-objective-optimization,durability,none-detected,I(data-driven),DEEP,,
2-s2.0-105017071730,10.1007/s40515-025-00701-w,2025,Transportation Infrastructure Geotechnology,Prediction of Unconfined Compressive Strength in Pozzolanic Geopolymer-Stabilized Granular Materials Using Tree-Based Models,17,stabilized-soil,prediction,durability,none-detected,I(data-driven),STANDARD,,
2-s2.0-85198398698,10.3390/ma17133141,2024,Materials,Efficient Compressive Strength Prediction of Alkali-Activated Waste Materials Using Machine Learning,11,FA-slag,optimization,waste-valorization,XAI;ext-val,I(data-driven),STANDARD,,
2-s2.0-105042570984,10.1016/j.pnsc.2026.06.002,2026,Progress in Natural Science: Materials International,Machine learning prediction and mechanistic insights into coal-gangue-based geopolymers for heavy metal solidification and stabilization,0,tailings,optimization,cost;waste-valorization,XAI,I(data-driven),STANDARD,,
2-s2.0-105017013377,10.1080/21650373.2025.2558810,2026,Journal of Sustainable Cement-Based Materials,Prediction of the compressive behavior of fiber-reinforced geopolymer recycled aggregate concrete using a hybrid machine learning framework,2,recycled-aggregate,prediction,waste-valorization,none-detected,I(data-driven),STANDARD,,
2-s2.0-85205739249,10.1016/j.mtcomm.2024.110602,2024,Materials Today Communications,Computational intelligence for modeling the rheological properties of the developed hydrated lime-based alkali-activated materials,4,fly-ash,prediction,none-explicit,OOD/transfer,I(data-driven),STANDARD,,
2-s2.0-85199769009,10.3390/ma17143540,2024,Materials,Performance Characterization and Composition Design Using Machine Learning and Optimal Technology for Slag–Desulfurization Gypsum-Based Alkali-Activated Materials,5,FA-slag,optimization,carbon;waste-valorization,XAI,I(data-driven),DEEP,,
2-s2.0-105045397005,,2026,Indian Concrete Journal,UNCERTAINTY QUANTIFICATION AND SENSITIVITY ANALYSIS OF GEOPOLYMER MORTAR COMPRESSIVE STRENGTH USING STATISTICAL AND MACHINE LEARNING METHODS,1,FA-slag,prediction+UQ,none-explicit,XAI;UQ,I(data-driven),DEEP,,
2-s2.0-105012250912,10.1038/s41598-025-13176-z,2025,Scientific Reports,Compressive strength modelling of cenosphere and copper slag-based geopolymer concrete using deep learning model,18,slag,prediction,waste-valorization,none-detected,I(data-driven),STANDARD,,
2-s2.0-105020572626,10.1016/j.aei.2025.103982,2026,Advanced Engineering Informatics,Interpretable AI-driven framework for sustainable modification of dredged sludge: A knowledge-guided approach to industrial waste-geopolymer binders design for in situ and ex situ applications,4,slag,optimization,carbon;cost;waste-valorization,XAI,III-claimed(knowledge-guided),DEEP,,
2-s2.0-86000207017,10.1007/s11595-025-3041-8,2025,"Journal Wuhan University of Technology, Materials Science Edition",Interpretable Machine Learning Method for Compressive Strength Prediction and Analysis of Pure Fly Ash-based Geopolymer Concrete,8,fly-ash,prediction,none-explicit,XAI;OOD/transfer,II(domain-features),STANDARD,,
2-s2.0-105010601300,10.1007/s42107-025-01425-5,2025,Asian Journal of Civil Engineering,GA–PSO–optimised dual-path attention network for predicting strength of nano/micro-modified alkali-activated concrete,17,mixed/other-AAM,optimization,durability,XAI;UQ,I(data-driven),DEEP,,
2-s2.0-105021266320,10.1016/j.asej.2025.103854,2026,Ain Shams Engineering Journal,Neural network-based prediction of mechanical properties in high-strength fly ash-based geopolymer mortars: a comparative analysis of model architectures and optimizers,0,fly-ash,optimization,none-explicit,none-detected,I(data-driven),STANDARD,,
2-s2.0-105036565396,10.1007/s42107-026-01669-9,2026,Asian Journal of Civil Engineering,Machine learning-based prediction and optimization of mechanical and durability properties of geopolymer concrete,0,slag,optimization,durability,none-detected,I(data-driven),STANDARD,,
2-s2.0-105021400971,10.1007/s41939-025-01097-3,2026,"Multiscale and Multidisciplinary Modeling, Experiments and Design",Predictive modeling and multi-parameter optimization of geopolymer mixes using SVM-GA hybrid approach,2,fly-ash,optimization,waste-valorization,none-detected,I(data-driven),STANDARD,,
2-s2.0-105007732170,10.1016/j.conbuildmat.2025.142220,2025,Construction and Building Materials,Predictive modelling and experimental validation of temperature effects on sustainable geopolymer concrete strength,8,fly-ash,optimization,none-explicit,XAI;ext-val,I(data-driven),STANDARD,,
2-s2.0-105040066589,10.3390/ma19102168,2026,Materials,Ant Colony Optimization-Driven Ensemble Learning for Carbon Emission Modelling in Fly Ash–Slag Geopolymer Concrete,2,FA-slag,optimization,carbon,XAI;UQ,I(data-driven),DEEP,,
2-s2.0-85204040498,10.1371/journal.pone.0310422,2024,PLOS ONE,Compressive strength prediction and low-carbon optimization of fly ash geopolymer concrete based on big data and ensemble learning,26,fly-ash,optimization,carbon;LCA;cost,ext-val,II(domain-features),DEEP,,
2-s2.0-105021078075,10.1061/JCRGEI.CRENG-1024,2026,Journal of Cold Regions Engineering,Interpretable Machine Learning for Thermomechanical Property Prediction of Geopolymer-Solidified Soils under Subzero Curing Conditions,4,stabilized-soil,prediction,carbon;durability,XAI,I(data-driven),DEEP,,
2-s2.0-105013840434,10.1016/j.dibe.2025.100736,2025,Developments in the Built Environment,Compressive strength prediction of fly ash/slag-based geopolymer concrete using EBA-optimised chemistry-informed interpretable deep learning model,44,FA-slag,optimization,cost;waste-valorization,XAI,III-claimed(knowledge-guided),DEEP,,
2-s2.0-85191297543,10.1016/j.rineng.2024.102158,2024,Results in Engineering,Harmonizing smart technologies with building resilience and sustainable built environment systems,45,mixed/other-AAM,prediction,carbon;LCA,none-detected,I(data-driven),DEEP,,
2-s2.0-105017120783,10.12989/scs.2025.56.6.499,2025,Steel and Composite Structures,Classification of phases in alkali-activated glass powder using machine learning with Gaussian mixture model,0,slag,classification,none-explicit,none-detected,V-candidate(mechanistic-hybrid),DEEP,,
2-s2.0-85213081122,10.3390/buildings14123998,2024,Buildings,Digital Industrial Design Method in Architectural Design by Machine Learning Optimization: Towards Sustainable Construction Practices of Geopolymer Concrete,6,mixed/other-AAM,optimization,carbon;cost,none-detected,I(data-driven),DEEP,,
2-s2.0-85214108681,10.1080/19648189.2024.2445546,2025,European Journal of Environmental and Civil Engineering,Evaluation and prediction of fracture energy of fiber reinforced geopolymer concrete,6,mixed/other-AAM,prediction,cost,none-detected,I(data-driven),STANDARD,,
2-s2.0-85185956607,10.1038/s41598-024-54513-y,2024,Scientific Reports,Estimation of compressive strength of waste concrete utilizing fly ash/slag in concrete with interpretable approaches: optimization and graphical user interface (GUI),43,FA-slag,optimization,carbon;waste-valorization,XAI;ext-val,I(data-driven),DEEP,,
2-s2.0-105044670408,10.1038/s41598-026-51084-y,2026,Scientific Reports,Microstructural and mechanical characteristics evaluation of alkali-activated slag concrete and optimize with supervised hybrid machine learning modeling,0,FA-slag,prediction,none-explicit,XAI;ext-val,I(data-driven),STANDARD,,
2-s2.0-105035637537,10.17222/mit.2025.1597,2026,Materiali in Tehnologije,EXPERIMENTAL AND ANN-BASED INVESTIGATION OF RUBBERIZED GEOPOLYMER CONCRETE FOR SUSTAINABLE CONSTRUCTION; [EKSPERIMENTALNA IN NA NEVRONSKIH MRE@AH TEMELJE^A RAZISKAVA GUMIRANEGA GEOPOLIMERNEGA BETONA ZA TRAJNOSTNO GRADNJO],0,fly-ash,prediction,cost;waste-valorization,none-detected,I(data-driven),STANDARD,,
2-s2.0-105022619352,10.1016/j.clema.2025.100359,2025,Cleaner Materials,A reactive-phase-driven predictive model for compressive strength of solid waste-based alkali-activated materials,1,FA-slag,classification,waste-valorization,none-detected,II(domain-features),STANDARD,,
2-s2.0-105025928498,10.3390/a18120744,2025,Algorithms,Compressive Strength of Geopolymer Concrete Prediction Using Machine Learning Methods,5,slag,prediction,none-explicit,XAI,I(data-driven),STANDARD,,
2-s2.0-85217011159,10.1016/j.cscm.2025.e04207,2025,Case Studies in Construction Materials,A comparative performance analysis of machine learning models for compressive strength prediction in fly ash-based geopolymers concrete using reference data,23,fly-ash,prediction,none-explicit,XAI,I(data-driven),STANDARD,,
2-s2.0-105020022090,10.3390/buildings15203661,2025,Buildings,Interpretation of Dominant Features Governing Compressive Strength in One-Part Geopolymer,3,one-part;slag,optimization,none-explicit,XAI,I(data-driven),STANDARD,,
2-s2.0-85213890304,10.5109/7326955,2024,Evergreen,Predicting Compressive Strength and Density of Ecuadorian Natural Mordenite-based Geopolymer Using Machine Learning Algorithms,0,mixed/other-AAM,optimization,none-explicit,none-detected,I(data-driven),STANDARD,,
2-s2.0-105018628439,10.1007/s10967-025-10418-2,2026,Journal of Radioanalytical and Nuclear Chemistry,Using artificial neural networks and non-destructive tests to predict the compressive strength of geopolymer concrete,3,fly-ash,prediction,none-explicit,none-detected,I(data-driven),STANDARD,,
2-s2.0-85210148745,10.1007/s43452-024-01067-5,2025,Archives of Civil and Mechanical Engineering ,Active learning on stacked machine learning techniques for predicting compressive strength of alkali-activated ultra-high-performance concrete,101,mixed/other-AAM,experiment-selection,carbon,none-detected,I(data-driven),DEEP,,
2-s2.0-105030048644,10.1016/j.asej.2026.104043,2026,Ain Shams Engineering Journal,Improved prediction of geopolymer concrete compressive strength using metaheuristic-enhanced extreme learning models with combined SHAP and LIME for sustainable construction,1,mixed/other-AAM,optimization,none-explicit,XAI,I(data-driven),STANDARD,,
2-s2.0-105032520068,10.1016/j.dibe.2026.100900,2026,Developments in the Built Environment,Upcycled geopolymer concrete incorporating GFRP waste powder: Sulfate resistance and machine learning-based strength prediction,1,slag,prediction,carbon;waste-valorization;durability,none-detected,I(data-driven),DEEP,,
2-s2.0-105042035923,10.22115/scce.2025.1966,2026,Journal of Soft Computing in Civil Engineering,Machine Learning in the Modeling of 3D Printed Soil-Cement Materials: A Short Overview,1,stabilized-soil,prediction,carbon;durability,none-detected,I(data-driven),DEEP,,
2-s2.0-85194458177,10.1016/j.conbuildmat.2024.136711,2024,Construction and Building Materials,Alkali-activated binder concrete strength prediction using hybrid-deep learning along with shapely additive explanations and uncertainty analysis,30,mixed/other-AAM,prediction,cost,XAI;UQ,I(data-driven),DEEP,,
2-s2.0-85196366898,10.1016/j.mtcomm.2024.109599,2024,Materials Today Communications,Multi-objective optimization of ternary geopolymers with multiple solid wastes,11,FA-slag,multi-objective-optimization,carbon;cost;waste-valorization,XAI,I(data-driven),DEEP,,
2-s2.0-105045939309,10.3390/buildings16142811,2026,Buildings,Comparative Analysis of AI and Statistical Models for Predicting Mechanical and Durability-Related Properties of Alkali-Activated Recycled Aggregate Concrete,0,recycled-aggregate,prediction,waste-valorization;durability,calibration,I(data-driven),DEEP,,
2-s2.0-105021245418,10.1016/j.conbuildmat.2025.144487,2025,Construction and Building Materials,Effects of mix design parameters on workability and compressive strength of teff straw ash-based geopolymer mortars: Experimental evaluation and machine learning prediction,1,fly-ash;biomass-ash,prediction,carbon;waste-valorization;durability,XAI,I(data-driven),DEEP,,
2-s2.0-105004260401,10.1016/j.cscm.2025.e04725,2025,Case Studies in Construction Materials,"Production and optimization of affordable artificial geopolymer aggregates containing crumb rubber, plastic waste, and granulated cork based on machine learning algorithms",38,mixed/other-AAM,optimization,waste-valorization,UQ,I(data-driven),DEEP,,
2-s2.0-85209061119,10.1007/s41062-024-01781-2,2024,Innovative Infrastructure Solutions,LSTM-based deep learning model for alkali activated binder mix design of clay soils,1,stabilized-soil,optimization,none-explicit,none-detected,I(data-driven),STANDARD,,
2-s2.0-105003644485,10.3390/polym17081046,2025,Polymers,Prediction of Rheological Properties of PVA Fiber and Nano-SiO2-Reinforced Geopolymer Mortar Based on Back Propagation Neural Network Model Optimized by Genetic Algorithm,10,metakaolin/clay,optimization,durability,none-detected,II(domain-features),STANDARD,,
2-s2.0-85186522208,10.1016/j.jobe.2024.108923,2024,Journal of Building Engineering,AI-driven critical parameter optimization of sustainable self-compacting geopolymer concrete,58,FA-slag,optimization,none-explicit,ext-val;OOD/transfer,I(data-driven),STANDARD,,
2-s2.0-105007968204,10.12989/cac.2025.35.6.669,2025,Computers and Concrete,Modeling the strength of geopolymer concrete at high temperatures: Machine learning approach,6,mixed/other-AAM,prediction,none-explicit,none-detected,I(data-driven),STANDARD,,
2-s2.0-105043397296,10.1061/JMCEE7.MTENG-23191,2026,Journal of Materials in Civil Engineering,Predicting Freeze-Thaw Resistance in Geopolymer Concrete: Interpretable ML Model with Practical Deployment,0,FA-slag,optimization,carbon;durability,XAI,I(data-driven),DEEP,,
2-s2.0-105040048806,10.1007/s42107-026-01707-6,2026,Asian Journal of Civil Engineering,Machine learning-driven prediction of mechanical properties in fly ash-based geopolymer concrete incorporating silica fume and steel slag,0,FA-slag,optimization,waste-valorization,XAI,I(data-driven),STANDARD,,
2-s2.0-105005203308,10.1061/JCCEE5.CPENG-6547,2025,Journal of Computing in Civil Engineering,Systematic Analysis of the Impact of Data Preprocessing Techniques on Machine-Learning Model Performance: A Case Study of a Compressive Strength Prediction Model for Geopolymer Concrete,4,fly-ash,prediction,none-explicit,none-detected,II(domain-features),STANDARD,,
2-s2.0-105040772065,10.1016/j.cscm.2026.e06159,2026,Case Studies in Construction Materials,Computational insights into drying shrinkage: A machine learning framework for alkali-activated materials,0,slag,optimization,durability,XAI,II(domain-features),STANDARD,,
2-s2.0-105023159020,10.1007/s12649-025-03405-x,2026,Waste and Biomass Valorization,Triple Waste Aggregates Integration for Sustainable Self-Compacting Geopolymer Concrete: A Hybrid Synergy,0,slag;biomass-ash,optimization,waste-valorization;durability,repro-signal,I(data-driven),STANDARD,,
2-s2.0-105024872672,10.1080/21650373.2025.2597879,2026,Journal of Sustainable Cement-Based Materials,Artificial neural network-based prediction of compressive strength in sustainable one-part GGBS/POFA-based geopolymer mortar with synthesized sodium silicates,3,one-part;slag,prediction,none-explicit,none-detected,I(data-driven),STANDARD,,
2-s2.0-105027514642,10.29294/IJASE.12.2.2025.5521-5551,2025,International Journal of Advanced Science and Engineering,"Impact of Fly Ash, Alccofine, and Machine Learning Approaches on the Behavior of Geopolymer Concrete",0,fly-ash,prediction,durability,none-detected,I(data-driven),STANDARD,,
2-s2.0-105039679113,10.1038/s41598-026-44832-7,2026,Scientific Reports,Recycling waste concrete into alkali-activated geo-binders for sand stabilization,3,stabilized-soil,prediction,LCA;waste-valorization,none-detected,I(data-driven),DEEP,,
2-s2.0-105011384239,10.1016/j.susmat.2025.e01555,2025,Sustainable Materials and Technologies,Performance and alkalinity control in geopolymer coral aggregate concrete via experiments and machine learning,10,FA-slag,optimization,cost;durability,none-detected,I(data-driven),STANDARD,,
2-s2.0-105027891057,10.3390/ma19010209,2026,Materials,Prediction of the Unconfined Compressive Strength of One-Part Geopolymer-Stabilized Soil Under Acidic Erosion: Comparison of Multiple Machine Learning Models,5,one-part;FA-slag;stabilized-soil,optimization,durability,XAI,I(data-driven),STANDARD,,
2-s2.0-105002643051,10.1007/s00521-025-11191-9,2025,Neural Computing and Applications,Multi-objective optimization and predictive analytics of strength and embodied impacts of CDW-based geopolymers using various machine learning approaches,8,recycled-aggregate,multi-objective-optimization,carbon;waste-valorization,XAI;ext-val,II(domain-features),DEEP,,
2-s2.0-105003206751,10.1038/s41598-025-98244-0,2025,Scientific Reports,Performance and predictive modeling of surface carbonized plant fiber reinforced alkali-activated self-insulating mortar,1,mixed/other-AAM,prediction,none-explicit,none-detected,I(data-driven),STANDARD,,
2-s2.0-105017417041,10.1038/s41598-025-18666-8,2025,Scientific Reports,Explainable automl and multi-objective optimization for sustainable high-performance geopolymer concrete,4,mixed/other-AAM,multi-objective-optimization,carbon;cost,XAI;OOD/transfer,I(data-driven),DEEP,,
2-s2.0-105021083731,10.1016/j.conbuildmat.2025.144380,2025,Construction and Building Materials,"Optimization of Fly ash-slag based geopolymer strength, cost, and carbon emissions using CNN-based RSM and NSGA-III",0,FA-slag,multi-objective-optimization,carbon;cost,XAI;ext-val,I(data-driven),DEEP,,
2-s2.0-85199550255,10.1016/j.cscm.2024.e03439,2024,Case Studies in Construction Materials,Comparative study on the prediction of the unconfined compressive strength of the one-part geopolymer stabilized soil by using different hybrid machine learning models,38,one-part;FA-slag;stabilized-soil,optimization,cost,XAI,I(data-driven),STANDARD,,
2-s2.0-105043459235,10.1016/j.actaastro.2026.06.035,2026,Acta Astronautica,Predicting lunar regolith simulant geopolymer compressive strength via machine learning,0,stabilized-soil,prediction,none-explicit,none-detected,I(data-driven),STANDARD,,
2-s2.0-105008732072,10.14359/51746714,2025,ACI Materials Journal,Artificial Intelligence Approach for Predicting Compressive Strength of Geopolymer Concrete,1,fly-ash,prediction,waste-valorization,none-detected,I(data-driven),STANDARD,,
2-s2.0-85213696092,10.1007/s40996-024-01713-1,2025,Iranian Journal of Science and Technology - Transactions of Civil Engineering,Experimental and Machine Learning-Based Investigation of Cyclic Thermal Resilience of Geopolymer Concrete with Slag and Glass Powders,7,slag,prediction,none-explicit,none-detected,I(data-driven),STANDARD,,
2-s2.0-105045191216,10.1007/s41062-026-02847-z,2026,Innovative Infrastructure Solutions,Machine learning and response surface modeling for predicting strength loss of alkali-activated materials exposed to aggressive environment,0,fly-ash,optimization,durability,OOD/transfer,I(data-driven),STANDARD,,
2-s2.0-105018678822,10.1007/s41062-025-02307-0,2025,Innovative Infrastructure Solutions,An interpretable machine learning approach to predict the compressive strength of fly ash-based geopolymer concrete,3,fly-ash,prediction,none-explicit,XAI,I(data-driven),STANDARD,,
2-s2.0-85218501045,10.1520/JTE20230808,2025,Journal of Testing and Evaluation,Enhanced Predictive Modeling and Insights into Geopolymer Concrete Compressive Strength Prediction,6,mixed/other-AAM,optimization,none-explicit,XAI,I(data-driven),STANDARD,,
2-s2.0-105008549217,10.1016/j.rineng.2025.105537,2025,Results in Engineering,Prediction of geopolymer concrete compressive strength using artificial neural network and genetic algorithm,17,fly-ash,optimization,carbon,none-detected,II(domain-features),DEEP,,
2-s2.0-105042624261,10.1016/j.nxmate.2026.102594,2026,Next Materials,UTILIZATION OF GEOPOLYMERISATION PROCESS FOR THE SIMULTANEOUS STABILIZATION/SOLIDIFICATION OF LEAD/ZINC MINE TAILINGS AND ENHANCEMENT OF EXPANSIVE SUBGRADE SOIL,0,tailings;stabilized-soil,prediction,waste-valorization,UQ,I(data-driven),DEEP,,
2-s2.0-105045813639,10.1016/j.conbuildmat.2026.147600,2026,Construction and Building Materials,"Intelligent identification of crack modes and damage evolution in SCA-modified metakaolin-based geopolymers using AE, DIC, and CNN",0,metakaolin/clay,microstructure/image-analysis,none-explicit,none-detected,I(data-driven),STANDARD,,
2-s2.0-105034262038,10.1016/j.istruc.2025.110896,2026,Structures,Prediction of mechanical strength and performance of alkali-activated binders concrete using optimized machine learning with partial dependence plot,2,mixed/other-AAM,prediction,none-explicit,XAI,I(data-driven),STANDARD,,
2-s2.0-85217662054,10.1016/j.isprsjprs.2025.02.004,2025,ISPRS Journal of Photogrammetry and Remote Sensing,M3ICNet: A cross-modal resolution preserving building damage detection method with optical and SAR remote sensing imagery and two heterogeneous image disaster datasets,17,mixed/other-AAM,microstructure/image-analysis,none-explicit,none-detected,I(data-driven),STANDARD,,EC2-candidate (recode: out of scope)
2-s2.0-105045424023,10.1007/s11709-026-1335-3,2026,ENGINEERING Structure and Civil Engineering,Strengthening mechanisms and machine learning prediction of fiber-reinforced geopolymer composites,0,mixed/other-AAM,prediction,carbon;durability,UQ,I(data-driven),DEEP,,
2-s2.0-85213355509,10.1007/s41062-024-01832-8,2025,Innovative Infrastructure Solutions,Predicting compressive strength of geopolymer concrete using machine learning models,11,fly-ash,prediction,carbon;durability,none-detected,I(data-driven),DEEP,,
2-s2.0-85197952968,10.1007/s41062-024-01568-5,2024,Innovative Infrastructure Solutions,Mechanical properties of sustainable metakaolin/Rockwool based geopolymer mortar,7,metakaolin/clay,prediction,waste-valorization;durability,none-detected,II(domain-features),STANDARD,,
2-s2.0-105005144410,10.28991/CEJ-2025-011-04-020,2025,Civil Engineering Journal (Iran),Modeling the Compressive Strength of Metakaolin-Based Self-Healing Geopolymer Concrete Using Machine Learning Models,10,fly-ash;metakaolin/clay,optimization,carbon;waste-valorization;durability,OOD/transfer,I(data-driven),DEEP,,
2-s2.0-105028796068,10.1016/j.matlet.2026.140100,2026,Materials Letters,Effect of precursor chemical composition on the compressive strength of alkali-activated materials based on interpretable artificial neural networks,2,mixed/other-AAM,prediction,none-explicit,XAI,II(domain-features),STANDARD,,
2-s2.0-105036358408,10.1038/s41598-026-43052-3,2026,Scientific Reports,"Integrated experimental, machine learning, and life-cycle assessment of fly ash–silica fume based self-compacting geopolymer concrete",5,fly-ash,optimization,LCA;durability,OOD/transfer,I(data-driven),DEEP,,
2-s2.0-105031917043,10.1002/eng2.70615,2026,Engineering Reports,An Ensemble Machine Learning Method for Alkali-Activated Concrete Mix Ratio Analysis and Optimizing Experimental Results,0,mixed/other-AAM,optimization,none-explicit,none-detected,I(data-driven),STANDARD,,
2-s2.0-105020887860,10.1007/s10668-025-06957-z,2025,"Environment, Development and Sustainability",Optimization of compressive strength and carbon footprint in fly ash geopolymer concrete using metaheuristic algorithms,3,fly-ash,multi-objective-optimization,carbon,XAI,I(data-driven),DEEP,,
2-s2.0-85217164696,10.22075/jrce.2023.30282.1831,2024,Journal of Rehabilitation in Civil Engineering,Effect of Molarity of Sodium Hydroxide on the Strength Behavior of Fiber-Reinforced Geopolymer Concrete Exposed to Elevated Temperature,0,fly-ash;metakaolin/clay,prediction,carbon,none-detected,I(data-driven),DEEP,,EC3-candidate (recode: no ML detectable)
2-s2.0-105003376316,10.1016/j.rineng.2025.104994,2025,Results in Engineering,AI-enhanced automation of building energy optimization using a hybrid stacked model and genetic algorithms: Experiments with seven machine learning techniques and a deep neural network,29,mixed/other-AAM,multi-objective-optimization,none-explicit,XAI,I(data-driven),DEEP,,
2-s2.0-105034159457,10.1088/2053-1591/ae1ed7,2025,Materials Research Express,"Compressive strength optimization of natural zeolite-based geopolymers via taguchi design, grey relational analysis, and genetic algorithms",0,fly-ash,optimization,durability,ext-val,I(data-driven),STANDARD,,
2-s2.0-105012542709,10.1016/j.mtcomm.2025.113500,2025,Materials Today Communications,Machine learning-based optimization of geopolymer-stabilized soil formulation using blast furnace slag and fly ash,6,FA-slag;stabilized-soil,inverse-design,waste-valorization,XAI,I(data-driven),DEEP,,
2-s2.0-85189687604,10.1016/j.conbuildmat.2024.136013,2024,Construction and Building Materials,"Multi-performance optimization of low-carbon geopolymer considering mechanical, cost, and CO2 emission based on experiment and interpretable learning",37,FA-slag,multi-objective-optimization,carbon;cost,XAI;OOD/transfer,I(data-driven),DEEP,,
2-s2.0-85152944936,10.1016/j.jobe.2023.106538,2023,Journal of Building Engineering,Development of autogenous shrinkage prediction model of alkali-activated slag-fly ash geopolymer based on machine learning,50,FA-slag,prediction,none-explicit,none-detected,I(data-driven),STANDARD,,
2-s2.0-85175014342,10.1016/j.conbuildmat.2023.133933,2023,Construction and Building Materials,Mechanical properties prediction of blast furnace slag and fly ash-based alkali-activated concrete by machine learning methods,23,FA-slag,prediction,none-explicit,none-detected,I(data-driven),STANDARD,,
2-s2.0-85146322519,10.1016/j.jrmge.2022.12.009,2023,Journal of Rock Mechanics and Geotechnical Engineering,A machine learning model to predict unconfined compressive strength of alkali-activated slag-based cemented paste backfill,52,slag;stabilized-soil,prediction,none-explicit,none-detected,I(data-driven),STANDARD,,
2-s2.0-85140578345,10.3390/su142012990,2022,Sustainability (Switzerland),Environmentally Friendly Concrete Compressive Strength Prediction Using Hybrid Machine Learning,46,mixed/other-AAM,prediction,cost;waste-valorization,none-detected,I(data-driven),STANDARD,,
2-s2.0-85112008610,10.1016/j.ceramint.2021.08.044,2021,Ceramics International,Bonding behavior of concrete matrix and alkali-activated mortar incorporating nano-SiO2 and polyvinyl alcohol fiber: Theoretical analysis and prediction model,81,mixed/other-AAM,prediction,none-explicit,none-detected,II(domain-features),STANDARD,,
2-s2.0-85174638820,10.1007/s42107-023-00908-7,2024,Asian Journal of Civil Engineering,New random intelligent chemometric techniques for sustainable geopolymer concrete: low-energy and carbon-footprint initiatives,17,mixed/other-AAM,prediction,none-explicit,none-detected,II(domain-features),STANDARD,,
2-s2.0-85185303470,10.32604/cmes.2023.043384,2024,CMES - Computer Modeling in Engineering and Sciences,Prediction of Geopolymer Concrete Compressive Strength Using Convolutional Neural Networks,19,fly-ash,prediction,cost,XAI,I(data-driven),STANDARD,,
2-s2.0-85107533504,10.3390/app11114889,2021,Applied Sciences (Switzerland),Experimental investigation and artificial neural network based prediction of bond strength in self-compacting geopolymer concrete reinforced with basalt FRP bars,47,mixed/other-AAM,prediction,carbon;durability,none-detected,I(data-driven),DEEP,,
2-s2.0-85190628416,10.1515/rams-2024-0006,2024,Reviews on Advanced Materials Science,Investigating the rheological characteristics of alkali-activated concrete using contemporary artificial intelligence approaches,8,mixed/other-AAM,prediction,none-explicit,XAI,I(data-driven),STANDARD,,
2-s2.0-85146636655,10.1007/s00521-023-08237-1,2023,Neural Computing and Applications,Developing an ANN prediction model for compressive strength of fly ash-based geopolymer concrete with experimental investigation,20,fly-ash,prediction,none-explicit,UQ,I(data-driven),DEEP,,
2-s2.0-85121466951,10.1016/j.conbuildmat.2021.126103,2022,Construction and Building Materials,Chemistry-informed machine learning prediction of compressive strength for alkali-activated materials,118,FA-slag,prediction,carbon,none-detected,III-claimed(knowledge-guided),DEEP,,
2-s2.0-85181895624,10.1007/s41062-023-01343-y,2024,Innovative Infrastructure Solutions,Compressive strength prediction of ternary blended geopolymer concrete using artificial neural networks and support vector regression,20,mixed/other-AAM,prediction,none-explicit,none-detected,I(data-driven),STANDARD,,
2-s2.0-85138247660,10.1080/14680629.2022.2105742,2023,Road Materials and Pavement Design,HPASC–OPCC bi-surface shear strength prediction model using deep learning,2,slag,prediction,waste-valorization,none-detected,I(data-driven),STANDARD,,
2-s2.0-85110671026,10.1016/j.cemconcomp.2021.104177,2021,Cement and Concrete Composites,Predicting the geopolymerization process of fly ash-based geopolymer using deep long short-term memory and machine learning,74,fly-ash,prediction,none-explicit,none-detected,I(data-driven),STANDARD,,
2-s2.0-85186199252,10.1007/s10853-024-09447-1,2024,Journal of Materials Science,Sustainable geopolymers from polyethylene terephthalate waste and industrial by-products: a comprehensive characterisation and performance predictions,44,slag;red-mud;biomass-ash,prediction,waste-valorization,none-detected,I(data-driven),STANDARD,,
2-s2.0-85126364141,10.1111/jmi.13094,2022,Journal of Microscopy,Method for quantifying the reaction degree of slag in alkali-activated cements using deep learning-based electron microscopy image analysis,7,slag,microstructure/image-analysis,durability,OOD/transfer,II(domain-features),STANDARD,,
2-s2.0-85164435920,10.1016/j.heliyon.2023.e17925,2023,Heliyon,Prediction of geopolymer pumpability and setting time for well zonal isolation - Using machine learning and statistical based models,7,mixed/other-AAM,classification,cost,none-detected,I(data-driven),STANDARD,,
2-s2.0-85111272547,10.1016/j.conbuildmat.2021.124251,2021,Construction and Building Materials,Utilization of a novel artificial intelligence technique (ANFIS) to predict the compressive strength of fly ash-based geopolymer,60,fly-ash,prediction,none-explicit,none-detected,I(data-driven),STANDARD,,
2-s2.0-85020218909,10.1016/j.ceramint.2017.06.006,2017,Ceramics International,Mix design factors and strength prediction of metakaolin-based geopolymer,205,metakaolin/clay,prediction,none-explicit,none-detected,II(domain-features),STANDARD,,
2-s2.0-85084793709,10.1016/j.ceramint.2020.05.074,2020,Ceramics International,Mechanical properties and prediction of fracture parameters of geopolymer/alkali-activated mortar modified with PVA fiber and nano-SiO2,230,fly-ash;metakaolin/clay,prediction,none-explicit,none-detected,II(domain-features),STANDARD,,
2-s2.0-85162013261,10.1016/j.jobe.2023.107041,2023,Journal of Building Engineering,A novel framework for strength prediction of geopolymer mortar: Renovative precursor effect,31,slag;metakaolin/clay,prediction,none-explicit,none-detected,I(data-driven),STANDARD,,
2-s2.0-85064218975,10.3390/ma12060983,2019,Materials,Artificial intelligence approaches for prediction of compressive strength of geopolymer concrete,331,FA-slag,prediction,waste-valorization,none-detected,I(data-driven),STANDARD,,
2-s2.0-85106911425,10.13225/j.cnki.jccs.QJ20.2021,2021,Meitan Xuebao/Journal of the China Coal Society,Synthesis of geopolymer from fly ash and optimization of process parameters by neural network; [粉煤灰合成地聚物及工艺参数的神经网络优化],8,fly-ash,optimization,none-explicit,OOD/transfer,I(data-driven),STANDARD,,
2-s2.0-85130593446,10.1016/j.cscm.2022.e01166,2022,Case Studies in Construction Materials,Prediction of the drying shrinkage of alkali-activated materials using artificial neural networks,33,mixed/other-AAM,prediction,durability,none-detected,I(data-driven),STANDARD,,
2-s2.0-85140308692,10.1016/j.cemconres.2022.107003,2022,Cement and Concrete Research,Deep long short-term memory (LSTM) networks for ultrasonic-based distributed damage assessment in concrete,45,slag,classification,none-explicit,none-detected,I(data-driven),STANDARD,,
2-s2.0-85141267350,10.1016/j.conbuildmat.2022.129534,2022,Construction and Building Materials,Compressive strength prediction of one-part alkali activated material enabled by interpretable machine learning,84,one-part,prediction,durability,XAI;OOD/transfer,I(data-driven),STANDARD,,
2-s2.0-85162958928,10.1002/suco.202300298,2023,Structural Concrete,Data-driven approach for investigating and predicting of compressive strength of fly ash–slag geopolymer concrete,20,FA-slag,prediction,carbon,XAI;UQ;repro-signal,I(data-driven),DEEP,,
2-s2.0-85053109801,10.12989/cac.2018.21.5.559,2018,Computers and Concrete,MLR & ANN approaches for prediction of compressive strength of alkali activated EAFS,2,slag,prediction,none-explicit,none-detected,I(data-driven),STANDARD,,
2-s2.0-84935889558,10.1016/j.compgeo.2015.05.021,2015,Computers and Geotechnics,Prediction of unconfined compressive strength of geopolymer stabilized clayey soil using Artificial Neural Network,230,FA-slag;stabilized-soil,prediction,none-explicit,none-detected,I(data-driven),STANDARD,,
2-s2.0-85140822734,10.17559/TV-20210925112341,2022,Tehnicki Vjesnik,Gaussian Regression Process for Prediction of Compressive Strength of Thermally Activated Geopolymer Mortars,8,FA-slag,prediction,none-explicit,none-detected,I(data-driven),STANDARD,,
2-s2.0-85161943578,10.1371/journal.pone.0286950,2023,PLoS ONE,Developing interpretable machine learning-Shapley additive explanations model for unconfined compressive strength of cohesive soils stabilized with geopolymer,42,FA-slag;stabilized-soil,optimization,none-explicit,XAI,II(domain-features),STANDARD,,
2-s2.0-85142536308,10.1007/s00521-022-08042-2,2023,Neural Computing and Applications,A comparative assessment of tree-based predictive models to estimate geopolymer concrete compressive strength,52,fly-ash,prediction,none-explicit,XAI,II(domain-features),STANDARD,,
2-s2.0-85136731752,10.3390/recycling7040055,2022,Recycling,Experimental and Artificial Neural Network-Based Study on the Sorptivity Characteristics of Geopolymer Concrete with Recycled Cementitious Materials and Basalt Fibres,23,FA-slag,prediction,waste-valorization;durability,none-detected,I(data-driven),STANDARD,,
2-s2.0-85174162074,10.1080/21650373.2023.2266442,2024,Journal of Sustainable Cement-Based Materials,Developing a comprehensive prediction model for the compressive strength of slag-based alkali-activated concrete,9,slag,prediction,carbon,none-detected,II(domain-features),DEEP,,
2-s2.0-85184784947,10.1016/j.jhazmat.2024.133682,2024,Journal of Hazardous Materials,Machine learning-based prediction of heavy metal immobilization rate in the solidification/stabilization of municipal solid waste incineration fly ash (MSWIFA) by geopolymers,44,fly-ash,optimization,waste-valorization,none-detected,I(data-driven),STANDARD,,
2-s2.0-85127566212,10.3390/ma15072400,2022,Materials,Application of Machine Learning Approaches to Predict the Strength Property of Geopolymer Concrete,76,fly-ash,prediction,none-explicit,none-detected,I(data-driven),STANDARD,,
2-s2.0-85177980905,10.1016/j.conbuildmat.2023.134092,2023,Construction and Building Materials,Artificial intelligence-based optimized models for predicting the slump and compressive strength of sustainable alkali-derived concrete,28,mixed/other-AAM,prediction,none-explicit,none-detected,I(data-driven),STANDARD,,
2-s2.0-85150870775,10.3389/fmats.2023.1128095,2023,Frontiers in Materials,Development of sustainable high performance geopolymer concrete and mortar using agricultural biomass—A strength performance and sustainability analysis,53,slag;biomass-ash,prediction,carbon;cost;waste-valorization,none-detected,II(domain-features),DEEP,,
2-s2.0-85145254186,10.1016/j.conbuildmat.2022.129940,2023,Construction and Building Materials,Effect of composition and curing on alkali activated fly ash-slag binders: Machine learning prediction with a random forest-genetic algorithm hybrid model,40,FA-slag,optimization,none-explicit,none-detected,II(domain-features),STANDARD,,
2-s2.0-85166039901,10.48084/etasr.5185,2022,"Engineering, Technology and Applied Science Research",Using Artificial Neural Networks for the Prediction of the Compressive Strength of Geopolymer Fly Ash,11,fly-ash,prediction,carbon;cost;waste-valorization,none-detected,I(data-driven),DEEP,,
2-s2.0-85153675207,10.1016/j.jobe.2023.106577,2023,Journal of Building Engineering,"Mix design optimization for fly ash-based geopolymer with mechanical, environmental, and economic objectives using soft computing technology",31,fly-ash,multi-objective-optimization,carbon;cost,none-detected,I(data-driven),DEEP,,
2-s2.0-85163615352,10.1007/s41062-023-01168-9,2023,Innovative Infrastructure Solutions,Sugar industry waste produced geopolymer concrete and its compressive strength prediction via statistical analysis and artificial intelligence approach,7,FA-slag;biomass-ash,prediction,waste-valorization,OOD/transfer,I(data-driven),STANDARD,,
2-s2.0-85159163827,10.1007/s13369-023-07866-x,2023,Arabian Journal for Science and Engineering,Probabilistic Estimation for Mechanical Properties of Self-Compacting Geopolymer Concrete Using Machine Learning Technique,12,FA-slag,prediction,none-explicit,UQ,I(data-driven),DEEP,,
2-s2.0-85109594068,10.1080/2374068X.2021.1946751,2022,Advances in Materials and Processing Technologies,Multilayer perceptron modelling of geopolymer composite incorporating fly ash and GGBS for prediction of compressive strength,28,FA-slag,prediction,none-explicit,none-detected,I(data-driven),STANDARD,,
2-s2.0-85191383869,10.3390/buildings14030615,2024,Buildings,Towards a Reliable Design of Geopolymer Concrete for Green Landscapes: A Comparative Study of Tree-Based and Regression-Based Models,15,mixed/other-AAM,optimization,none-explicit,none-detected,II(domain-features),STANDARD,,
2-s2.0-85066251822,10.1007/s40996-019-00263-1,2020,Iranian Journal of Science and Technology - Transactions of Civil Engineering,A Novel Formulation for the Compressive Strength of IBP-Based Geopolymer Stabilized Clayey Soils Using ANN and GMDH-NN Approaches,63,slag;stabilized-soil,prediction,none-explicit,none-detected,I(data-driven),STANDARD,,
2-s2.0-84959516818,10.1179/1433075X15Y.0000000020,2015,Materials Research Innovations,Prediction of compressive strength of geopolymer composites using an artificial neural network,43,mixed/other-AAM,prediction,none-explicit,none-detected,I(data-driven),STANDARD,,
2-s2.0-85146840047,10.1016/j.ceramint.2023.01.089,2023,Ceramics International,Effect of high volume tile ceramic wastes on resistance of geopolymer mortars to abrasion and freezing-thawing cycles: Experimental and deep learning modelling,43,FA-slag,prediction,waste-valorization;durability,none-detected,I(data-driven),STANDARD,,
2-s2.0-85098636357,10.12989/cac.2021.28.4.369,2021,Computers and Concrete,A hybrid artificial neural network-based identification system for fine-grained composites,4,FA-slag,prediction,none-explicit,none-detected,I(data-driven),STANDARD,,
2-s2.0-85103772630,10.1016/j.compositesb.2021.108801,2021,Composites Part B: Engineering,Coupling machine learning with thermodynamic modelling to develop a composition-property model for alkali-activated materials,65,mixed/other-AAM,prediction,none-explicit,UQ,V-candidate(mechanistic-hybrid),DEEP,,
2-s2.0-84879067781,10.1016/j.advengsoft.2013.04.009,2013,Advances in Engineering Software,Fracture properties of cement and alkali activated fly ash based concrete with application to segmental tunnel lining,14,fly-ash,optimization,none-explicit,none-detected,I(data-driven),STANDARD,,
2-s2.0-85152962936,10.1016/j.jobe.2023.106521,2023,Journal of Building Engineering,Prediction of compressive strength of geopolymer concrete using a hybrid ensemble of grey wolf optimized machine learning estimators,169,mixed/other-AAM,prediction,none-explicit,XAI,I(data-driven),STANDARD,,
2-s2.0-85064689735,10.14716/ijtech.v10i2.2421,2019,International Journal of Technology,Prediction of the high-temperature performance of a geopolymer modified asphalt binder using artificial neural networks,23,fly-ash,prediction,none-explicit,none-detected,I(data-driven),STANDARD,,
2-s2.0-85085965219,10.1007/s13369-020-04669-2,2020,Arabian Journal for Science and Engineering,Ternary Diagrams for Predicting Strength of Soil Ameliorated with Different Types of Fly Ash,6,fly-ash;stabilized-soil,prediction,none-explicit,none-detected,I(data-driven),STANDARD,,
2-s2.0-85067899369,,2019,International Journal of Recent Technology and Engineering,Strength prediction of geopolymer concrete using ANN,6,mixed/other-AAM,prediction,none-explicit,OOD/transfer,I(data-driven),STANDARD,,
2-s2.0-85132746768,10.1016/j.eswa.2022.117846,2022,Expert Systems with Applications,Segmentation of backscattered electron images of geopolymers using convolutional autoencoder network,22,fly-ash,microstructure/image-analysis,none-explicit,none-detected,I(data-driven),STANDARD,,
2-s2.0-85137595966,10.3390/polym14163386,2022,Polymers,The Length Change Ratio of Ground Granulated Blast Furnace Slag-Based Geopolymer Blended with Magnesium Oxide Cured in Various Environments,8,slag,prediction,none-explicit,none-detected,I(data-driven),STANDARD,,
2-s2.0-85151530659,10.3390/ma16062348,2023,Materials,Optimization of Fly Ash—Slag One-Part Geopolymers with Improved Properties,18,one-part;FA-slag,optimization,waste-valorization,none-detected,I(data-driven),STANDARD,,
2-s2.0-85130911384,10.1371/journal.pone.0265846,2022,PLOS ONE,Soft computing models to predict the compressive strength of GGBS/FAgeopolymer concrete,101,FA-slag;metakaolin/clay;biomass-ash,prediction,none-explicit,none-detected,II(domain-features),STANDARD,,
2-s2.0-85160820651,10.1016/j.jobe.2023.106929,2023,Journal of Building Engineering,"Optimization design for alkali-activated slag-fly ash geopolymer concrete based on artificial intelligence considering compressive strength, cost, and carbon emission",141,FA-slag,optimization,carbon;cost,OOD/transfer,I(data-driven),DEEP,,
2-s2.0-85165648516,10.12989/scs.2022.45.6.877,2022,Steel and Composite Structures,Compressive strength estimation of eco friendly geopolymer concrete: Application of hybrid machine learning techniques,5,FA-slag,optimization,carbon,none-detected,I(data-driven),DEEP,,
2-s2.0-85184842611,10.12989/cac.2024.33.2.175,2024,Computers and Concrete,Estimating the tensile strength of geopolymer concrete using various machine learning algorithms,10,FA-slag,prediction,cost,none-detected,I(data-driven),STANDARD,,
2-s2.0-85114130939,10.1016/j.conbuildmat.2021.124657,2021,Construction and Building Materials,Assessment of acid resistance of natural pozzolan-based alkali-activated concrete: Experimental and optimization modelling,29,mixed/other-AAM,optimization,durability,none-detected,II(domain-features),STANDARD,,
2-s2.0-85163474607,10.1016/j.cscm.2023.e02173,2023,Case Studies in Construction Materials,Application of machine learning in predicting workability for alkali-activated materials,29,mixed/other-AAM,prediction,none-explicit,none-detected,I(data-driven),STANDARD,,
2-s2.0-85139531157,10.1155/2022/9343330,2022,Advances in Civil Engineering,An Artificial Neural Network Based Prediction of Mechanical and Durability Characteristics of Sustainable Geopolymer Composite,39,fly-ash;biomass-ash,prediction,durability,OOD/transfer,I(data-driven),STANDARD,,
2-s2.0-85181932025,10.3390/su16010142,2024,Sustainability (Switzerland),Neural Network Predictive Models for Alkali-Activated Concrete Carbon Emission Using Metaheuristic Optimization Algorithms,25,mixed/other-AAM,optimization,carbon;durability,none-detected,I(data-driven),DEEP,,
2-s2.0-85181450577,10.3934/mbe.2024061,2024,Mathematical Biosciences and Engineering,Decision tree models for the estimation of geo-polymer concrete compressive strength,55,FA-slag,prediction,none-explicit,none-detected,I(data-driven),STANDARD,,
2-s2.0-85208184948,10.30955/gnj.005672,2024,Global Nest Journal,"Neural network approach to modelling strength characteristics of fly ash, pond ash, and bottom ash integrated geopolymer composites",0,fly-ash,prediction,none-explicit,none-detected,I(data-driven),STANDARD,,
2-s2.0-85171274132,10.1007/s13369-023-08283-w,2024,Arabian Journal for Science and Engineering,Prediction of Compressive Strength of Fly Ash-Based Geopolymer Concrete Using Supervised Machine Learning Methods,47,fly-ash,prediction,none-explicit,XAI,II(domain-features),STANDARD,,
2-s2.0-105002376254,,2024,Indian Concrete Journal,INNOVATIVE APPROACHES TO SUSTAINABLE CONCRETE: A PERFORMANCE STUDY OF NEURAL NETWORK AND TREE-BASED MODELS FOR COMPRESSIVE STRENGTH PREDICTION IN GEOPOLYMER CONCRETE WITH GGBS,3,slag,prediction,none-explicit,none-detected,I(data-driven),STANDARD,,
2-s2.0-85111835643,10.1007/s40996-021-00702-y,2022,Iranian Journal of Science and Technology - Transactions of Civil Engineering,Design and Analysis of Lightweight Alkali-Activated Slag and Fly Ash Geopolymer Mortars using ANFIS-SSO,6,FA-slag,optimization,none-explicit,none-detected,I(data-driven),STANDARD,,
2-s2.0-85126323405,10.3390/ma15051868,2022,Materials,Statistical Methods for Modeling the Compressive Strength of Geopolymer Mortar,66,fly-ash,prediction,cost,none-detected,II(domain-features),STANDARD,,
2-s2.0-85042137522,10.12989/cac.2018.21.1.103,2018,Computers and Concrete,Hybrid fuzzy model to predict strength and optimum compositions of natural Alumina-Silica-based geopolymers,10,mixed/other-AAM,prediction,none-explicit,UQ,II(domain-features),DEEP,,
2-s2.0-85108736483,10.1016/j.conbuildmat.2021.123785,2021,Construction and Building Materials,Machine learning model for predicting the crack detection and pattern recognition of geopolymer concrete beams,96,mixed/other-AAM,microstructure/image-analysis,none-explicit,none-detected,I(data-driven),STANDARD,,
2-s2.0-85141634666,10.1016/j.rinma.2022.100347,2022,Results in Materials,Compressive strength analysis of fly ash-based geopolymer concrete using machine learning approaches,58,fly-ash,prediction,cost,none-detected,II(domain-features),STANDARD,,
2-s2.0-105001565717,10.1155/2024/7854488,2024,Advances in Civil Engineering,Synthesis of Sustainable OPC-Blended Geopolymer Concrete: Experimental and Modeling Study,3,fly-ash,prediction,carbon,none-detected,I(data-driven),DEEP,,
2-s2.0-85112862559,10.1016/j.conbuildmat.2021.124529,2021,Construction and Building Materials,Regularized multivariate polynomial regression analysis of the compressive strength of slag-metakaolin geopolymer pastes based on experimental data,49,slag;metakaolin/clay,prediction,none-explicit,XAI,II(domain-features),STANDARD,,
2-s2.0-85161946152,10.1504/IJEWM.2023.130723,2023,International Journal of Environment and Waste Management,The potential use of waste glass powder in slag-based geopolymer concrete - an environmental friendly material,8,slag,prediction,waste-valorization,none-detected,I(data-driven),STANDARD,,
2-s2.0-85149046572,10.1007/s00521-023-08378-3,2023,Neural Computing and Applications,"Innovative modeling techniques including MEP, ANN and FQ to forecast the compressive strength of geopolymer concrete modified with nanoparticles",210,mixed/other-AAM,prediction,none-explicit,none-detected,I(data-driven),STANDARD,,
2-s2.0-85158915570,10.1080/2374068X.2023.2206701,2024,Advances in Materials and Processing Technologies,Mechanical Strength Estimation of Self-Compacting Geopolymer Concrete using ReLU based Deep Neural Network,3,FA-slag,prediction,none-explicit,none-detected,I(data-driven),STANDARD,,
2-s2.0-85133298632,10.1016/j.conbuildmat.2022.128255,2022,Construction and Building Materials,A novel Bayesian inference method for predicting optimum strength gain in sustainable geomaterials for greener construction,31,fly-ash;stabilized-soil,prediction,none-explicit,UQ,I(data-driven),DEEP,,
2-s2.0-85130542471,10.3390/polym14102128,2022,Polymers,Compressive Strength Estimation of Geopolymer Composites through Novel Computational Approaches,48,fly-ash,prediction,none-explicit,none-detected,II(domain-features),STANDARD,,
2-s2.0-85067831769,10.1007/s12633-019-00203-8,2020,Silicon,Influence of Aluminosilicate for the Prediction of Mechanical Properties of Geopolymer Concrete – Artificial Neural Network,68,FA-slag,prediction,none-explicit,OOD/transfer,I(data-driven),STANDARD,,
2-s2.0-85194546403,10.3390/buildings14051347,2024,Buildings,Evolutionary Algorithms for Strength Prediction of Geopolymer Concrete,7,fly-ash,prediction,durability,none-detected,I(data-driven),STANDARD,,
2-s2.0-85130537561,10.3390/ma15103478,2022,Materials,Prediction of Mechanical Properties of Fly-Ash/Slag-Based Geopolymer Concrete Using Ensemble and Non-Ensemble Machine-Learning Techniques,64,FA-slag,prediction,waste-valorization,none-detected,I(data-driven),STANDARD,,
2-s2.0-85156110847,10.1007/s42107-023-00676-4,2023,Asian Journal of Civil Engineering,Prediction of compressive strength of geopolymer concrete by using ANN and GPR,37,mixed/other-AAM,prediction,durability,UQ,I(data-driven),DEEP,,
2-s2.0-85176317599,10.1007/s11595-023-2796-z,2023,"Journal Wuhan University of Technology, Materials Science Edition",Influence of Na2SiO3/NaOH Ratio on Calcined Magnesium Silicate Based Geopolymer—Experimental and Predictive Study,6,mixed/other-AAM,prediction,none-explicit,none-detected,I(data-driven),STANDARD,,
2-s2.0-85186529491,10.1016/j.jclepro.2024.141305,2024,Journal of Cleaner Production,The use of machine learning techniques to investigate the properties of metakaolin-based geopolymer concrete,97,metakaolin/clay,optimization,none-explicit,XAI,II(domain-features),STANDARD,,
2-s2.0-85164239753,10.1016/j.jmrt.2023.06.207,2023,Journal of Materials Research and Technology,A data-driven approach to predict the compressive strength of alkali-activated materials and correlation of influencing parameters using SHapley Additive exPlanations (SHAP) analysis,57,FA-slag,prediction,cost,XAI,II(domain-features),STANDARD,,
2-s2.0-85163215210,10.12989/cac.2023.31.4.327,2023,Computers and Concrete,Utilising artificial neural networks for prediction of properties of geopolymer concrete,5,FA-slag,prediction,cost;waste-valorization,none-detected,I(data-driven),STANDARD,,
2-s2.0-85187802261,10.1515/rams-2023-0162,2024,Reviews on Advanced Materials Science,Low-carbon embodied alkali-activated materials for sustainable construction: A comparative study of single and ensemble learners,9,mixed/other-AAM,prediction,none-explicit,none-detected,I(data-driven),STANDARD,,
2-s2.0-85129605281,10.1061/(ASCE)MT.1943-5533.0004266,2022,Journal of Materials in Civil Engineering,A Data-Driven Influential Factor Analysis Method for Fly Ash-Based Geopolymer Using Optimized Machine-Learning Algorithms,28,fly-ash,optimization,none-explicit,XAI,I(data-driven),STANDARD,,
2-s2.0-85109851633,10.3390/su13137444,2021,Sustainability (Switzerland),Experimental and informational modeling study of sustainable self-compacting geopolymer concrete,53,FA-slag,optimization,carbon;waste-valorization,none-detected,I(data-driven),DEEP,,
2-s2.0-85105259171,10.1016/j.asej.2021.03.018,2021,Ain Shams Engineering Journal,Sustainable use of fly-ash: Use of gene-expression programming (GEP) and multi-expression programming (MEP) for forecasting the compressive strength geopolymer concrete,143,fly-ash,prediction,waste-valorization,ext-val,II(domain-features),STANDARD,,
2-s2.0-85020443380,10.1016/j.ceramint.2015.06.037,2015,Ceramics International,"Modelling of compressive strength of geopolymer paste, mortar and concrete by optimized support vector machine",104,mixed/other-AAM,optimization,none-explicit,none-detected,I(data-driven),STANDARD,,
2-s2.0-85082540464,10.1007/s42452-019-1736-1,2019,SN Applied Sciences,Modeling compressive strength of Moroccan fly ash–phosphogypsum geopolymer bricks,20,fly-ash,prediction,cost;waste-valorization,none-detected,I(data-driven),STANDARD,,
2-s2.0-85173615001,10.1134/S1061830923600375,2023,Russian Journal of Nondestructive Testing,Effect of RHA on Mechanical Properties of GGBS Based Alkali Activated Concrete: An Experimental and Statistical Modelling,22,slag;biomass-ash,prediction,carbon;waste-valorization,OOD/transfer,I(data-driven),DEEP,,
2-s2.0-85120318454,10.1016/j.conbuildmat.2021.125785,2022,Construction and Building Materials,Analyzing the mechanical performance of fly ash-based geopolymer concrete with different machine learning techniques,178,fly-ash,prediction,none-explicit,XAI;OOD/transfer,II(domain-features),STANDARD,,
2-s2.0-85173540563,10.1016/j.conbuildmat.2023.133545,2023,Construction and Building Materials,Prediction of compressive strength and feature importance analysis of solid waste alkali-activated cementitious materials based on machine learning,30,mixed/other-AAM,prediction,waste-valorization,XAI,I(data-driven),STANDARD,,
2-s2.0-85151447846,10.1007/s42107-023-00635-z,2023,Asian Journal of Civil Engineering,Smart modelling system for alkali-activated concrete pavements using machine learning techniques,8,mixed/other-AAM,prediction,waste-valorization,none-detected,I(data-driven),STANDARD,,
2-s2.0-85166141501,10.48084/etasr.4713,2022,"Engineering, Technology and Applied Science Research",Predictive Regression Models for the Compressive Strength of Fly Ash-based Alkali-Activated Cementitious Materials via Machine Learning,6,fly-ash,prediction,none-explicit,none-detected,I(data-driven),STANDARD,,
2-s2.0-85207528525,10.1080/21650373.2024.2416962,2024,Journal of Sustainable Cement-Based Materials,Data-driven inverse mix design for sustainable alkali-activated materials,6,mixed/other-AAM,prediction,LCA,none-detected,I(data-driven),DEEP,,
2-s2.0-85116622691,10.1002/suco.202100354,2022,Structural Concrete,Prediction of compressive strength of geopolymer concrete using machine learning techniques,59,FA-slag,prediction,none-explicit,none-detected,I(data-driven),STANDARD,,
2-s2.0-85130375511,10.3390/gels8050271,2022,Gels,Evaluation of Artificial Intelligence Methods to Estimate the Compressive Strength of Geopolymers,75,mixed/other-AAM,prediction,cost;waste-valorization,none-detected,I(data-driven),STANDARD,,
2-s2.0-85198012616,10.1515/rams-2024-0038,2024,Reviews on Advanced Materials Science,Promoting low carbon construction using alkali-activated materials: A modeling study for strength prediction and feature interaction,2,mixed/other-AAM,prediction,none-explicit,XAI,II(domain-features),STANDARD,,
2-s2.0-85172691648,10.1016/j.conbuildmat.2023.133485,2023,Construction and Building Materials,A comparative study of prediction models for alkali-activated materials to promote quick and economical adaptability in the building sector,25,slag,prediction,carbon;cost,UQ,I(data-driven),DEEP,,
2-s2.0-85167402784,10.1016/j.conbuildmat.2023.132814,2023,Construction and Building Materials,Efficient machine learning algorithm with enhanced cat swarm optimization for prediction of compressive strength of GGBS-based geopolymer concrete at elevated temperature,77,slag,optimization,none-explicit,XAI;OOD/transfer,I(data-driven),STANDARD,,
2-s2.0-85188149102,10.1007/s10973-024-13004-y,2024,Journal of Thermal Analysis and Calorimetry,Thermal behavior of coal fly ash geopolymers: structural analysis supported by molecular dynamics and machine learning methods,8,fly-ash,prediction,none-explicit,none-detected,II(domain-features),STANDARD,,
2-s2.0-85164146987,10.1007/s42107-023-00797-w,2024,Asian Journal of Civil Engineering,Prediction of compressive strength of bauxite residue-based geopolymer mortar as pavement composite materials: an integrated ANN and RSM approach,26,red-mud,prediction,waste-valorization,none-detected,I(data-driven),STANDARD,,
2-s2.0-85186674673,10.1016/j.engstruct.2024.117734,2024,Engineering Structures,Enhancing load prediction for structures with concrete overlay using transfer learning of time–frequency feature-based deep models,7,slag,prediction,none-explicit,OOD/transfer,I(data-driven),STANDARD,,
2-s2.0-85165117999,10.1016/j.conbuildmat.2023.132464,2023,Construction and Building Materials,Structural assessment of Basalt FRP reinforced self-compacting geopolymer concrete using artificial neural network (ANN) modelling,46,mixed/other-AAM,prediction,carbon;durability,none-detected,I(data-driven),DEEP,,
2-s2.0-85161305664,10.1016/j.compgeo.2023.105534,2023,Computers and Geotechnics,Mix design development for geopolymer treated expansive subgrades using artificial neural network,27,fly-ash;stabilized-soil,prediction,cost;durability,none-detected,I(data-driven),STANDARD,,
2-s2.0-85135832233,10.1016/j.jclepro.2022.133382,2022,Journal of Cleaner Production,"A generic framework for augmented concrete mix design: Optimisation of geopolymer concrete considering environmental, financial and mechanical properties",42,fly-ash,multi-objective-optimization,carbon;LCA;cost;waste-valorization,none-detected,II(domain-features),DEEP,,
2-s2.0-85063754463,10.3390/app9061113,2019,Applied Sciences (Switzerland),Prediction of compressive strength of geopolymer concrete using entirely steel slag aggregates: Novel hybrid artificial intelligence approaches,140,FA-slag;recycled-aggregate,optimization,cost;waste-valorization,none-detected,I(data-driven),STANDARD,,
2-s2.0-85208988908,10.1109/TGRS.2024.3494257,2024,IEEE Transactions on Geoscience and Remote Sensing,A Weakly Supervised Bitemporal Scene Change Detection Approach for Pixel-Level Building Damage Assessment Using Pre-and Post-Disaster High-Resolution Remote Sensing Images,13,mixed/other-AAM,microstructure/image-analysis,none-explicit,none-detected,I(data-driven),STANDARD,,EC2-candidate (recode: out of scope)
2-s2.0-85197298304,10.1515/rams-2024-0035,2024,Reviews on Advanced Materials Science,Modeling the strength parameters of agro waste-derived geopolymer concrete using advanced machine intelligence techniques,3,slag,prediction,waste-valorization,none-detected,I(data-driven),STANDARD,,
2-s2.0-85046101317,10.1061/(ASCE)MT.1943-5533.0002246,2018,Journal of Materials in Civil Engineering,Effects of significant variables on compressive strength of soil-fly ash geopolymer: Variable analytical approach based on neural networks and genetic programming,47,fly-ash;stabilized-soil,prediction,none-explicit,none-detected,I(data-driven),STANDARD,,
2-s2.0-85180548357,10.1016/j.mtcomm.2023.107822,2024,Materials Today Communications,Fresh state and strength performance evaluation of slag-based alkali-activated concrete using soft-computing methods,9,slag,prediction,none-explicit,XAI,II(domain-features),STANDARD,,
2-s2.0-85169786233,10.1016/j.engfracmech.2023.109577,2023,Engineering Fracture Mechanics,Fracture toughness evaluation of ground granulated blast furnace slag concrete using experimental study and machine learning techniques,21,slag,prediction,none-explicit,none-detected,I(data-driven),STANDARD,,
2-s2.0-85165995076,10.1016/j.jclepro.2023.138221,2023,Journal of Cleaner Production,Data driven design of alkali-activated concrete using sequential learning,24,FA-slag,experiment-selection,carbon,none-detected,I(data-driven),DEEP,,
2-s2.0-85064003121,10.1016/j.conbuildmat.2019.04.021,2019,Construction and Building Materials,Abrasion resistance behaviour of fly ash based geopolymer using nanoindentation and artificial neural network,35,FA-slag,prediction,none-explicit,OOD/transfer,I(data-driven),STANDARD,,
2-s2.0-85138996811,10.1016/j.measurement.2022.111916,2022,Measurement: Journal of the International Measurement Confederation,Fly ash-based geopolymer concrete's compressive strength estimation by applying artificial intelligence methods,44,fly-ash,optimization,carbon;waste-valorization,none-detected,I(data-driven),DEEP,,
2-s2.0-85129509637,10.1016/j.conbuildmat.2022.127557,2022,Construction and Building Materials,Predicting compressive strength of alkali-activated systems based on the network topology and phase assemblages using tree-structure computing algorithms,26,mixed/other-AAM,prediction,carbon;durability,none-detected,V-candidate(mechanistic-hybrid),DEEP,,
2-s2.0-85091123741,10.1016/j.jclepro.2020.123697,2021,Journal of Cleaner Production,Artificial neural network model to predict the compressive strength of eco-friendly geopolymer concrete incorporating silica fume and natural zeolite,348,slag,prediction,none-explicit,none-detected,I(data-driven),STANDARD,,
2-s2.0-85090614711,,2020,Journal of Green Engineering,Forecasting compressive strength of ambient cured GGBS based sustainable geopolymer concrete by ML technique,1,FA-slag;metakaolin/clay,prediction,none-explicit,none-detected,I(data-driven),STANDARD,,
2-s2.0-85150354500,10.1016/j.jmrt.2023.02.180,2023,Journal of Materials Research and Technology,Machine learning interpretable-prediction models to evaluate the slump and strength of fly ash-based geopolymer,105,fly-ash,prediction,none-explicit,XAI,I(data-driven),STANDARD,,
2-s2.0-85164666385,10.1177/14759217231183143,2024,Structural Health Monitoring,Unsupervised deep learning framework for ultrasonic-based distributed damage detection in concrete: integration of a deep auto-encoder and Isolation Forest for anomaly detection,22,mixed/other-AAM,prediction,none-explicit,none-detected,I(data-driven),STANDARD,,
2-s2.0-85131576343,10.1007/s00521-022-07427-7,2022,Neural Computing and Applications,Multivariable models including artificial neural network and M5P-tree to forecast the stress at the failure of alkali-activated concrete at ambient curing condition and various mixture proportions,59,FA-slag,prediction,waste-valorization,none-detected,II(domain-features),STANDARD,,
2-s2.0-85115011671,10.1016/j.cemconcomp.2021.104265,2021,Cement and Concrete Composites,Predicting shrinkage of alkali-activated blast furnace-fly ash mortars using artificial neural network (ANN),72,FA-slag,prediction,none-explicit,none-detected,I(data-driven),STANDARD,,
2-s2.0-85135853265,10.1007/s10967-022-08454-3,2022,Journal of Radioanalytical and Nuclear Chemistry,Immobilization of uranium tailings by phosphoric acid-based geopolymer with optimization of machine learning,6,tailings,optimization,waste-valorization;durability,none-detected,I(data-driven),STANDARD,,
2-s2.0-85154537456,10.1007/s42107-023-00678-2,2023,Asian Journal of Civil Engineering,Prediction of the compressive strength of Flyash and GGBS incorporated geopolymer concrete using artificial neural network,44,slag,prediction,none-explicit,none-detected,I(data-driven),STANDARD,,
2-s2.0-85142350982,10.2478/cee-2022-0060,2022,Civil and Environmental Engineering,PREDICTION OF GEOPOLYMER CONCRETE COMPRESSIVE STRENGTH UTILIZING ARTIFICIAL NEURAL NETWORK AND NONDESTRUCTIVE TESTING,12,mixed/other-AAM,prediction,none-explicit,none-detected,I(data-driven),STANDARD,,
2-s2.0-85094908870,10.3390/app10217726,2020,Applied Sciences (Switzerland),A machine learning-assisted numerical predictor for compressive strength of geopolymer concrete based on experimental data and sensitivity analysis,117,fly-ash,optimization,carbon,none-detected,I(data-driven),DEEP,,
2-s2.0-85098448212,,2020,Journal of Green Engineering,Experimental investigation and artificial neural network prediction of fiber admixed flyash based sustainable geopolymer concrete,0,fly-ash,prediction,none-explicit,none-detected,I(data-driven),STANDARD,,
2-s2.0-85110931499,10.1007/s10853-021-06324-z,2021,Journal of Materials Science,Sequential learning to accelerate discovery of alkali-activated binders,11,mixed/other-AAM,experiment-selection,carbon,none-detected,I(data-driven),DEEP,,
2-s2.0-85187533392,10.1515/ntrev-2023-0214,2024,Nanotechnology Reviews,Durability prediction of geopolymer mortar reinforced with nanoparticles and PVA fiber using particle swarm optimized BP neural network,45,fly-ash;metakaolin/clay,prediction,durability,none-detected,II(domain-features),STANDARD,,
2-s2.0-85126967206,10.1515/ntrev-2022-0069,2022,Nanotechnology Reviews,Compressive strength and anti-chloride ion penetration assessment of geopolymer mortar merging PVA fiber and nano-SiO2 using RBF-BP composite neural network,48,fly-ash;metakaolin/clay,prediction,none-explicit,none-detected,II(domain-features),STANDARD,,
2-s2.0-85091062894,10.1007/s10853-020-05250-w,2021,Journal of Materials Science,Artificial neural networks test for the prediction of chemical stability of pyroclastic deposits-based AAMs and comparison with conventional mathematical approach (MLR),21,mixed/other-AAM,prediction,durability,none-detected,II(domain-features),STANDARD,,
2-s2.0-84872902676,10.1016/j.ceramint.2012.08.070,2013,Ceramics International,Predicting compressive strength of different geopolymers by artificial neural networks,61,mixed/other-AAM,prediction,none-explicit,none-detected,II(domain-features),STANDARD,,
2-s2.0-85127132359,10.1016/j.cscm.2022.e01036,2022,Case Studies in Construction Materials,Compressive strength of geopolymer concrete modified with nano-silica: Experimental and modeling investigations,223,mixed/other-AAM,prediction,none-explicit,none-detected,II(domain-features),STANDARD,,
2-s2.0-85132539959,10.30880/ijie.2022.14.04.005,2022,International Journal of Integrated Engineering,Utilizing Artificial Neural Network and Multiple Linear Regression to Model the Compressive Strength of Recycled Geopolymer Concrete,6,FA-slag;biomass-ash;recycled-aggregate,prediction,waste-valorization,none-detected,I(data-driven),STANDARD,,
2-s2.0-85175425301,10.1142/S2737599423500032,2023,Innovation and Emerging Technologies,Predicting compressive strength of geopolymer concrete using machine learning,96,fly-ash;metakaolin/clay,optimization,none-explicit,none-detected,I(data-driven),STANDARD,,
2-s2.0-105001565998,10.1155/adce/8534390,2024,Advances in Civil Engineering,Strength Prediction of Geopolymer Concrete With Wide-Ranged Binders and Properties Using Artificial Neural Network,4,mixed/other-AAM,prediction,cost;waste-valorization;durability,none-detected,II(domain-features),STANDARD,,
2-s2.0-85065966024,,2019,Indian Concrete Journal,Application of artificial neural network for predicting compressive strength of geopolymer concrete,6,fly-ash,prediction,none-explicit,none-detected,I(data-driven),STANDARD,,
2-s2.0-85165145124,10.1007/s42107-023-00829-5,2024,Asian Journal of Civil Engineering,Advanced machine learning prediction of the unconfined compressive strength of geopolymer cement reconstituted granular sand for road and liner construction applications,33,mixed/other-AAM,prediction,none-explicit,none-detected,I(data-driven),STANDARD,,
2-s2.0-85144864678,10.3390/pr10122633,2022,Processes,Predicting the Recovery and Nonrecoverable Compliance Behaviour of Asphalt Binders Using Artificial Neural Networks,12,fly-ash,prediction,none-explicit,none-detected,I(data-driven),STANDARD,,
2-s2.0-85130122744,10.1007/s42947-022-00185-8,2023,International Journal of Pavement Research and Technology,Different AI Predictive Models for Pavement Subgrade Stiffness and Resilient Deformation of Geopolymer Cement-Treated Lateritic Soil with Ordinary Cement Addition,32,stabilized-soil,prediction,none-explicit,none-detected,I(data-driven),STANDARD,,
2-s2.0-85106666583,10.1039/d0ma00036a,2020,Materials Advances,Formulation of mix design for 3D printing of geopolymers: A machine learning approach,25,slag,classification,none-explicit,none-detected,I(data-driven),STANDARD,,
2-s2.0-85104347589,10.3390/ma14071729,2021,Materials,Bayesian regularized artificial neural network model to predict strength characteristics of fly-ash and bottom-ash based geopolymer concrete,59,fly-ash,prediction,cost;waste-valorization,none-detected,I(data-driven),STANDARD,,
2-s2.0-85154033293,10.1016/j.jobe.2023.106629,2023,Journal of Building Engineering,Physico-mechanical and microstructural properties of waste geopolymer powder and lime-added semi-lightweight geopolymer concrete: Efficient machine learning models,23,mixed/other-AAM,prediction,waste-valorization,none-detected,II(domain-features),STANDARD,,
2-s2.0-85195084167,10.1515/rams-2024-0014,2024,Reviews on Advanced Materials Science,Compressive and tensile strength estimation of sustainable geopolymer concrete using contemporary boosting ensemble techniques,4,slag,prediction,none-explicit,none-detected,I(data-driven),STANDARD,,
2-s2.0-85169316070,10.1080/16583655.2023.2248651,2023,Journal of Taibah University for Science,"Geopolymer-stabilized soils: influencing factors, strength development mechanism and sustainability",34,FA-slag;stabilized-soil,optimization,cost,XAI;OOD/transfer,II(domain-features),STANDARD,,
2-s2.0-85124800200,10.1016/j.commatsci.2022.111241,2022,Computational Materials Science,Application of back propagation neural network to the modeling of slump and compressive strength of composite geopolymers,47,mixed/other-AAM,prediction,none-explicit,none-detected,I(data-driven),STANDARD,,
2-s2.0-85113342632,10.14359/51732711,2021,ACI Materials Journal,Neural network for mixture design optimization of geopolymer concrete,10,fly-ash,optimization,none-explicit,none-detected,I(data-driven),STANDARD,,
2-s2.0-85183419649,10.1016/j.jece.2023.111835,2024,Journal of Environmental Chemical Engineering,Intelligent optimization for modeling carbon dioxide footprint in fly ash geopolymer concrete: A novel approach for minimizing CO2 emissions,46,fly-ash,optimization,carbon,UQ,I(data-driven),DEEP,,
2-s2.0-85184841672,10.12989/cac.2024.33.2.137,2024,Computers and Concrete,Prediction of compressive strength of sustainable concrete using machine learning tools,25,mixed/other-AAM,prediction,waste-valorization,none-detected,I(data-driven),STANDARD,,
2-s2.0-85105788444,10.3390/ma14092401,2021,Materials,Life-cycle assessment of alkali-activated materials incorporating industrial byproducts,65,mixed/other-AAM,optimization,carbon;LCA;cost;waste-valorization;durability,none-detected,I(data-driven),DEEP,,
2-s2.0-85042076599,10.1007/s00366-018-0592-8,2019,Engineering with Computers,Evaluating unconfined compressive strength of cohesive soils stabilized with geopolymer: a computational intelligence approach,48,stabilized-soil,optimization,none-explicit,none-detected,I(data-driven),STANDARD,,
2-s2.0-85137197144,10.3390/su14159573,2022,Sustainability (Switzerland),Multi-Objective Prediction of the Mechanical Properties and Environmental Impact Appraisals of Self-Healing Concrete for Sustainable Structures,47,mixed/other-AAM,multi-objective-optimization,carbon;LCA;durability,none-detected,I(data-driven),DEEP,,
2-s2.0-85132901934,10.3390/polym14122509,2022,Polymers,Assessment of Artificial Intelligence Strategies to Estimate the Strength of Geopolymer Composites and Influence of Input Parameters,44,FA-slag,prediction,cost;waste-valorization,XAI,I(data-driven),STANDARD,,
2-s2.0-85139367361,10.1016/j.cscm.2022.e01536,2022,Case Studies in Construction Materials,ANN based predictive mimicker for mechanical and rheological properties of eco-friendly geopolymer concrete,57,mixed/other-AAM,prediction,cost,none-detected,I(data-driven),STANDARD,,
2-s2.0-85137068433,10.1016/j.jclepro.2022.133608,2022,Journal of Cleaner Production,Evaluation of geopolymer concrete at high temperatures: An experimental study using machine learning,112,fly-ash,prediction,none-explicit,XAI,I(data-driven),STANDARD,,
2-s2.0-85160423608,10.1007/s42107-023-00721-2,2023,Asian Journal of Civil Engineering,"Prediction of compressive strength of GGBFS and Flyash-based geopolymer composite by linear regression, lasso regression, and ridge regression",39,slag,prediction,none-explicit,none-detected,I(data-driven),STANDARD,,
2-s2.0-85148326569,10.1016/j.jobe.2023.106070,2023,Journal of Building Engineering,"Multi-objective optimization of fly ash-slag based geopolymer considering strength, cost and CO2 emission: A new framework based on tree-based ensemble models and NSGA-II",88,FA-slag,multi-objective-optimization,carbon;cost,none-detected,I(data-driven),DEEP,,
2-s2.0-85107011496,10.3390/app11114754,2021,Applied Sciences (Switzerland),Machine learning approaches for prediction of the compressive strength of alkali activated termite mound soil,30,stabilized-soil,prediction,none-explicit,none-detected,II(domain-features),STANDARD,,
2-s2.0-85210479444,10.3389/fbuil.2024.1455915,2024,Frontiers in Built Environment,Influence of alkali molarity on compressive strength of high-strength geopolymer concrete using machine learning techniques based on curing regimes and temperature,10,fly-ash,prediction,none-explicit,none-detected,I(data-driven),STANDARD,,
2-s2.0-85103087071,10.3390/polym13060900,2021,Polymers,Novel analytical method for mix design and performance prediction of high calcium fly ash geopolymer concrete,53,fly-ash,prediction,none-explicit,none-detected,I(data-driven),STANDARD,,
2-s2.0-85147798348,10.3390/ma16031090,2023,Materials,Prediction of Compressive Strength of Fly Ash-Slag Based Geopolymer Paste Based on Multi-Optimized Artificial Neural Network,15,FA-slag,optimization,none-explicit,none-detected,II(domain-features),STANDARD,,
2-s2.0-85128429477,10.3390/polym14071423,2022,Polymers,Prediction of the Compressive Strength of Fly Ash Geopolymer Concrete by an Optimised Neural Network Model,30,fly-ash,optimization,cost,none-detected,I(data-driven),STANDARD,,
2-s2.0-85146556242,10.3390/su15021408,2023,Sustainability (Switzerland),Random Forest Algorithm for the Strength Prediction of Geopolymer Stabilized Clayey Soil,96,FA-slag;stabilized-soil,prediction,none-explicit,XAI,I(data-driven),STANDARD,,
2-s2.0-85109109777,10.1080/2374068X.2021.1945271,2022,Advances in Materials and Processing Technologies,A novel hybrid soft computing model using stacking with ensemble method for estimation of compressive strength of geopolymer composite,15,FA-slag,prediction,none-explicit,none-detected,I(data-driven),STANDARD,,
2-s2.0-85076586913,10.1007/s00521-019-04662-3,2021,Neural Computing and Applications,Prediction of engineering properties of fly ash-based geopolymer using artificial neural networks,55,fly-ash,prediction,none-explicit,UQ,II(domain-features),DEEP,,
2-s2.0-85129106223,10.3390/su14095214,2022,Sustainability (Switzerland),Artificial Neural Network-Forecasted Compression Strength of Alkaline-Activated Slag Concretes,60,slag,prediction,carbon;waste-valorization,none-detected,I(data-driven),DEEP,,
2-s2.0-85112521400,10.12989/cac.2021.28.1.055,2021,Computers and Concrete,Artificial intelligence for the compressive strength prediction of novel ductile geopolymer composites,29,mixed/other-AAM,prediction,cost,none-detected,I(data-driven),STANDARD,,
2-s2.0-85089278980,10.1016/j.jmrt.2020.06.008,2020,Journal of Materials Research and Technology,Estimating strength properties of geopolymer self-compacting concrete using machine learning techniques,203,FA-slag,prediction,none-explicit,OOD/transfer,I(data-driven),STANDARD,,
2-s2.0-85136005896,10.1155/2022/8214859,2022,Advances in Civil Engineering,Compressive Strength Prediction of Alkali-Activated Slag Concretes by Using Artificial Neural Network (ANN) and Alternating Conditional Expectation (ACE),6,slag,prediction,none-explicit,none-detected,I(data-driven),STANDARD,,
2-s2.0-85068684926,10.12989/sem.2019.70.6.671,2019,Structural Engineering and Mechanics,Prediction of compressive strength of bacteria incorporated geopolymer concrete by using ANN and MARS,14,FA-slag;metakaolin/clay,prediction,none-explicit,OOD/transfer,II(domain-features),STANDARD,,
2-s2.0-85121100549,10.1016/j.cscm.2021.e00840,2022,Case Studies in Construction Materials,Compressive strength prediction of fly ash-based geopolymer concrete via advanced machine learning techniques,360,fly-ash,prediction,none-explicit,none-detected,I(data-driven),STANDARD,,
2-s2.0-85095764497,10.1016/j.cemconcomp.2020.103863,2021,Cement and Concrete Composites,Machine learning to predict properties of fresh and hardened alkali-activated concrete,188,fly-ash,optimization,none-explicit,none-detected,I(data-driven),STANDARD,,
2-s2.0-85177998089,10.12989/cac.2023.32.6.607,2023,Computers and Concrete,Comparative studies of different machine learning algorithms in predicting the compressive strength of geopolymer concrete,19,mixed/other-AAM,prediction,none-explicit,none-detected,I(data-driven),STANDARD,,
2-s2.0-85185826169,10.1016/j.conbuildmat.2024.135523,2024,Construction and Building Materials,On the use of machine learning and data-transformation methods to predict hydration kinetics and strength of alkali-activated mine tailings-based binders,13,FA-slag;tailings,prediction,cost;waste-valorization,none-detected,I(data-driven),STANDARD,,
2-s2.0-85116312721,10.3390/polym13193389,2021,Polymers,Prediction of geopolymer concrete compressive strength using novel machine learning algorithms,167,fly-ash,prediction,none-explicit,none-detected,I(data-driven),STANDARD,,
2-s2.0-85088112518,10.21660/2020.74.72565,2020,International Journal of GEOMATE,A neural network approach for predicting hardened property of geopolymer concrete,33,mixed/other-AAM,prediction,none-explicit,none-detected,I(data-driven),STANDARD,,
2-s2.0-85164840685,,2022,ARPN Journal of Engineering and Applied Sciences,CLASSIFICATION OF GEOPOLYMER CONCRETE GRADE WITH CONVOLUTIONAL NEURAL NETWORK USING LE-NET ARCHITECTURE,1,mixed/other-AAM,classification,carbon,none-detected,I(data-driven),DEEP,,
2-s2.0-85199751117,10.28991/CEJ-SP2024-010-03,2024,Civil Engineering Journal (Iran),Artificial Intelligence Models for Predicting the Compressive Strength of Geopolymer Cements,3,mixed/other-AAM,prediction,none-explicit,none-detected,I(data-driven),STANDARD,,
2-s2.0-85115203887,10.1016/j.cscm.2021.e00703,2021,Case Studies in Construction Materials,Durability performance of reinforced waste-based geopolymer foam concrete under exposure to various corrosive environments,30,mixed/other-AAM,prediction,carbon;waste-valorization;durability,none-detected,I(data-driven),DEEP,,
2-s2.0-85113171960,10.1016/j.conbuildmat.2021.124526,2021,Construction and Building Materials,Synthesis of rubberized Alkali-activated Concrete: Experimental and numerical evaluation,33,mixed/other-AAM,prediction,waste-valorization;durability,none-detected,I(data-driven),STANDARD,,
2-s2.0-85116433841,10.3390/fractalfract5040142,2021,Fractal and Fractional,Surface cracking and fractal characteristics of bending fractured polypropylene fiber‐reinforced geopolymer mortar,67,mixed/other-AAM,microstructure/image-analysis,none-explicit,none-detected,I(data-driven),STANDARD,,
2-s2.0-85130261509,10.1007/s11356-022-20863-1,2022,Environmental Science and Pollution Research,Proposing several model techniques including ANN and M5P-tree to predict the compressive strength of geopolymer concretes incorporated with nano-silica,85,mixed/other-AAM,prediction,carbon,none-detected,I(data-driven),DEEP,,
2-s2.0-85120039866,10.1007/s11356-021-17555-7,2022,Environmental Science and Pollution Research,Resistance of blended alkali-activated fly ash-OPC mortar to mild-concentration sulfuric and acetic acid attack,23,fly-ash,prediction,carbon;durability,none-detected,I(data-driven),DEEP,,EC3-candidate (recode: no ML detectable)
2-s2.0-85187283091,10.3390/gels10020148,2024,Gels,Mechanical Framework for Geopolymer Gels Construction: An Optimized LSTM Technique to Predict Compressive Strength of Fly Ash-Based Geopolymer Gels Concrete,27,fly-ash,prediction,waste-valorization,none-detected,II(domain-features),STANDARD,,
2-s2.0-85175522591,10.1016/j.mtcomm.2023.107485,2023,Materials Today Communications,Influence of chemical constituents of binder and activator in predicting compressive strength of fly ash-based geopolymer concrete using firefly-optimized hybrid ensemble machine learning model,60,fly-ash,optimization,none-explicit,none-detected,II(domain-features),STANDARD,,
2-s2.0-84894075344,10.1061/(ASCE)MT.1943-5533.0000829,2014,Journal of Materials in Civil Engineering,Use of a neural network to predict strength and optimum compositions of natural alumina-silica-based geopolymers,16,mixed/other-AAM,prediction,none-explicit,none-detected,II(domain-features),STANDARD,,
2-s2.0-85105989353,10.1142/S0218625X21500700,2021,Surface Review and Letters,Effects of hybrid fiber-reinforced geopolymer concrete stabilized with gypseous soil-experimental and simulation approach,1,stabilized-soil,optimization,cost;durability,none-detected,I(data-driven),STANDARD,,
2-s2.0-85106372743,10.1155/2021/6662347,2021,Advances in Civil Engineering,A New Artificial Neural Network Model for the Prediction of the Effect of Molar Ratios on Compressive Strength of Fly Ash-Slag Geopolymer Mortar,34,FA-slag,prediction,cost;waste-valorization,none-detected,II(domain-features),STANDARD,,
2-s2.0-85185324121,10.1016/j.jclepro.2024.141007,2024,Journal of Cleaner Production,Influence of treated recycled concrete aggregate and modified mixing approach on the mechanical properties of ternary blend geopolymer concrete: Experiments and machine learning algorithms,27,FA-slag;recycled-aggregate,optimization,waste-valorization,UQ,I(data-driven),DEEP,,
2-s2.0-85186495382,10.1016/j.conbuildmat.2024.135519,2024,Construction and Building Materials,Machine learning approaches to predict compressive strength of fly ash-based geopolymer concrete: A comprehensive review,131,fly-ash,prediction,none-explicit,none-detected,I(data-driven),STANDARD,,
2-s2.0-85052792685,10.3390/app8091537,2018,Applied Sciences (Switzerland),Compressive strength characteristics of cemented tailings backfill with alkali-activated slag,86,slag;tailings,prediction,cost;waste-valorization,none-detected,I(data-driven),STANDARD,,
2-s2.0-85181944725,10.1080/10589759.2024.2304257,2024,Nondestructive Testing and Evaluation,Predicting compressive strength of quarry waste-based geopolymer mortar using machine learning algorithms incorporating mix design and ultrasonic pulse velocity,17,biomass-ash,prediction,waste-valorization,XAI,I(data-driven),STANDARD,,
2-s2.0-85164237068,10.1016/j.conbuildmat.2023.132330,2023,Construction and Building Materials,Effects of binder proportion and curing condition on the mechanical characteristics of volcanic ash- and slag-based geopolymer mortars; machine learning integrated experimental study,38,slag,optimization,cost,none-detected,I(data-driven),STANDARD,,
2-s2.0-85124611933,10.1111/jace.18399,2022,Journal of the American Ceramic Society,Machine learning enabled closed-form models to predict strength of alkali-activated systems,24,mixed/other-AAM,prediction,none-explicit,none-detected,I(data-driven),STANDARD,,
2-s2.0-85130594983,10.1016/j.conbuildmat.2022.127828,2022,Construction and Building Materials,Application of machine learning algorithm to assess the efficacy of varying industrial wastes and curing methods on strength development of geopolymer concrete,62,fly-ash;red-mud,prediction,waste-valorization,none-detected,I(data-driven),STANDARD,,
2-s2.0-85097309539,10.1177/1475921720976999,2021,Structural Health Monitoring,Predicting material properties of concrete from ground-penetrating radar attributes,23,mixed/other-AAM,prediction,none-explicit,none-detected,I(data-driven),STANDARD,,
2-s2.0-85184073306,10.1680/jmacr.23.00144,2024,Magazine of Concrete Research,Experimental study and machine learning based prediction of the compressive strength of geopolymer concrete,17,mixed/other-AAM,prediction,none-explicit,OOD/transfer,I(data-driven),STANDARD,,
2-s2.0-85101468264,10.1007/s12633-021-00988-7,2022,Silicon,Soft Computing Techniques for the Prediction and Analysis of Compressive Strength of Alkali-Activated Alumino-Silicate Based Strain-Hardening Geopolymer Composites,27,mixed/other-AAM,prediction,none-explicit,none-detected,I(data-driven),STANDARD,,
2-s2.0-85140472829,10.1016/j.conbuildmat.2022.129518,2022,Construction and Building Materials,Determination of compressive strength of perlite-containing slag-based geopolymers and its prediction using artificial neural network and regression-based methods,37,slag,prediction,none-explicit,none-detected,I(data-driven),STANDARD,,
2-s2.0-85115221806,10.12989/cac.2021.28.2.221,2021,Computers and Concrete,Efficient soft computing techniques for the prediction of compressive strength of geopolymer concrete,60,fly-ash,prediction,none-explicit,UQ;OOD/transfer,I(data-driven),DEEP,,
2-s2.0-85140139711,10.1016/j.conbuildmat.2022.129384,2022,Construction and Building Materials,The data-driven research on bond strength between fly ash-based geopolymer concrete and reinforcing bars,31,FA-slag,prediction,none-explicit,XAI,I(data-driven),STANDARD,,
2-s2.0-85105994384,10.3389/fmats.2021.621163,2021,Frontiers in Materials,"Geopolymer Concrete Compressive Strength via Artificial Neural Network, Adaptive Neuro Fuzzy Interface System, and Gene Expression Programming With K-Fold Cross Validation",149,fly-ash,prediction,none-explicit,none-detected,I(data-driven),STANDARD,,
2-s2.0-85138016040,10.1002/suco.202200344,2023,Structural Concrete,Prognosis of compressive strength of fly-ash-based geopolymer-modified sustainable concrete with ML algorithms,46,fly-ash,prediction,carbon;cost,XAI;UQ,I(data-driven),DEEP,,
2-s2.0-85188193767,10.12989/scs.2024.50.4.443,2024,Steel and Composite Structures,Application of a comparative analysis of random forest programming to predict the strength of environmentally-friendly geopolymer concrete,3,slag,optimization,carbon,none-detected,I(data-driven),DEEP,,
2-s2.0-85113286766,10.1061/(ASCE)MT.1943-5533.0003845,2021,Journal of Materials in Civil Engineering,Compressive Strength of Sandy Soils Stabilized with Alkali-Activated Volcanic Ash and Slag,66,slag;stabilized-soil,microstructure/image-analysis,none-explicit,none-detected,II(domain-features),STANDARD,,
2-s2.0-85064544162,10.1016/j.measurement.2019.03.001,2019,Measurement: Journal of the International Measurement Confederation,The use of machine learning in boron-based geopolymers: Function approximation of compressive strength by ANN and GP,40,FA-slag,classification,carbon,none-detected,I(data-driven),DEEP,,
2-s2.0-85201702456,10.32604/cmes.2024.052505,2024,CMES - Computer Modeling in Engineering and Sciences,Artificial Intelligence Prediction of One-Part Geopolymer Compressive Strength for Sustainable Concrete,9,one-part;FA-slag,prediction,carbon,none-detected,II(domain-features),DEEP,,
2-s2.0-85166945215,10.1016/j.conbuildmat.2023.132606,2023,Construction and Building Materials,Artificial intelligence-based prediction of strengths of slag-ash-based geopolymer concrete using deep neural networks,61,slag,prediction,none-explicit,none-detected,I(data-driven),STANDARD,,
2-s2.0-85160650318,10.1007/s42107-023-00735-w,2023,Asian Journal of Civil Engineering,Exploring the potential of neural network in assessing mechanical properties of geopolymer concrete incorporating fly ash and phosphogypsum in pavement applications,32,fly-ash,prediction,waste-valorization,OOD/transfer,I(data-driven),STANDARD,,
2-s2.0-85097015376,10.3390/ma13235490,2020,Materials,Engineering properties of waste sawdust-based lightweight alkali-activated concrete: Experimental assessment and numerical prediction,53,FA-slag,prediction,LCA;waste-valorization,none-detected,I(data-driven),DEEP,,
2-s2.0-85141866607,10.3390/buildings12111792,2022,Buildings,Predicting the Geopolymerization Process of Fly-Ash-Based Geopolymer Using Machine Learning,8,fly-ash,optimization,none-explicit,XAI,I(data-driven),STANDARD,,
2-s2.0-85142203881,10.1016/j.jclepro.2022.135159,2022,Journal of Cleaner Production,Development of machine learning models for the prediction of the compressive strength of calcium-based geopolymers,117,mixed/other-AAM,optimization,waste-valorization,XAI,II(domain-features),STANDARD,,
2-s2.0-85080939245,10.1016/j.conbuildmat.2020.118581,2020,Construction and Building Materials,Analyzing the compressive strength of green fly ash based geopolymer concrete using experiment and machine learning approaches,271,fly-ash,prediction,none-explicit,OOD/transfer,I(data-driven),STANDARD,,
2-s2.0-85153629677,10.1007/s42107-023-00670-w,2023,Asian Journal of Civil Engineering,Prediction of compressive strength of geopolymer concrete using random forest machine and deep learning,61,mixed/other-AAM,prediction,cost;durability,none-detected,I(data-driven),STANDARD,,
2-s2.0-85092338451,10.1016/j.jclepro.2020.124543,2021,Journal of Cleaner Production,Development of high performance sustainable optimized fiber reinforced geopolymer concrete and prediction of compressive strength,233,slag,prediction,none-explicit,none-detected,I(data-driven),STANDARD,,
2-s2.0-85174450744,10.1016/j.conbuildmat.2023.133780,2023,Construction and Building Materials,Mechanical properties prediction of geopolymer concrete subjected to high temperature by BP neural network,40,metakaolin/clay,prediction,none-explicit,none-detected,I(data-driven),STANDARD,,
2-s2.0-85163184845,10.5829/ije.2023.36.07a.18,2023,"International Journal of Engineering, Transactions B: Applications",Effect of combined different sources of alumina silicate on mechanical properties and carbonation depth of environmentally friendly geopolymeric composite based on metakaolin,8,FA-slag;metakaolin/clay,prediction,durability,none-detected,I(data-driven),STANDARD,,
2-s2.0-85166953283,10.1007/s42107-023-00861-5,2024,Asian Journal of Civil Engineering,Compressive strength prediction of fly ash and blast furnace slag-based geopolymer concrete using convolutional neural network,37,FA-slag,optimization,waste-valorization,none-detected,I(data-driven),STANDARD,,
2-s2.0-85125007190,10.1016/j.jclepro.2022.130958,2022,Journal of Cleaner Production,Rapid identification of reactivity for the efficient recycling of coal fly ash: Hybrid machine learning modeling and interpretation,42,fly-ash,optimization,waste-valorization,XAI;OOD/transfer,II(domain-features),STANDARD,,
2-s2.0-85164505679,10.1007/s42107-023-00807-x,2024,Asian Journal of Civil Engineering,Feature engineering for predicting compressive strength of high-strength concrete with machine learning models,44,mixed/other-AAM,prediction,none-explicit,none-detected,I(data-driven),STANDARD,,
2-s2.0-85163791272,10.3390/gels9060434,2023,Gels,A Novel MBAS-RF Approach to Predict Mechanical Properties of Geopolymer-Based Compositions,7,mixed/other-AAM,prediction,none-explicit,none-detected,I(data-driven),STANDARD,,
2-s2.0-85036621035,10.5829/ije.2017.30.11b.07,2017,"International Journal of Engineering, Transactions B: Applications",The effect of geopolymerization on the unconfined compressive strength of stabilized fine-grained soils,28,FA-slag;stabilized-soil,prediction,none-explicit,none-detected,I(data-driven),STANDARD,,
2-s2.0-85130320551,10.3390/ma15103443,2022,Materials,Artificial Neural Network with a Cross-Validation Technique to Predict the Material Design of Eco-Friendly Engineered Geopolymer Composites,77,mixed/other-AAM,prediction,none-explicit,none-detected,I(data-driven),STANDARD,,
2-s2.0-85126274287,10.3390/polym14061074,2022,Polymers,Application of Soft Computing Techniques to Predict the Strength of Geopolymer Composites,75,mixed/other-AAM,prediction,cost;waste-valorization,none-detected,I(data-driven),STANDARD,,
2-s2.0-85102109344,10.3390/ma14051106,2021,Materials,Application of gene expression programming (GEP) for the prediction of compressive strength of geopolymer concrete,136,fly-ash,prediction,waste-valorization,none-detected,II(domain-features),STANDARD,,
2-s2.0-85135363664,10.1155/2022/7791582,2022,Journal of Nanomaterials,Prediction of Mechanical Strength by Using an Artificial Neural Network and Random Forest Algorithm,92,mixed/other-AAM,prediction,carbon,none-detected,I(data-driven),DEEP,,
2-s2.0-85087127135,10.1155/2020/8892474,2020,Advances in Civil Engineering,Mechanical Properties and Drying Shrinkage Investigation of Alkali-Activated Mortar Using Waste Glass Powder,23,mixed/other-AAM,prediction,waste-valorization,none-detected,II(domain-features),STANDARD,,
2-s2.0-85015744326,10.3992/1552-6100.12.1.63,2017,Journal of Green Building,Utilization of fly ash and concrete residue in the production of geopolymer bricks,6,fly-ash,prediction,waste-valorization,none-detected,I(data-driven),STANDARD,,
2-s2.0-85153576626,10.1016/j.conbuildmat.2023.131519,2023,Construction and Building Materials,Prediction & optimization of alkali-activated concrete based on the random forest machine learning algorithm,99,mixed/other-AAM,optimization,carbon,none-detected,V-candidate(mechanistic-hybrid),DEEP,,
2-s2.0-85147180648,10.1007/s42107-023-00584-7,2023,Asian Journal of Civil Engineering,Soft computing modeling on air-cured slag-fly ash-glass powder-based alkali activated masonry elements developed using different industrial waste aggregates,5,FA-slag,prediction,waste-valorization,none-detected,I(data-driven),STANDARD,,
2-s2.0-85101214805,10.3390/su13042062,2021,Sustainability (Switzerland),Assessment of mechanical properties and structural morphology of alkali-activated mortars with industrial waste materials,27,FA-slag,prediction,waste-valorization;durability,none-detected,II(domain-features),STANDARD,,
2-s2.0-85165226174,10.1016/j.engappai.2023.106769,2023,Engineering Applications of Artificial Intelligence,A GMDH model and parametric investigation of geopolymeric recycled concrete FRP-spiral-confined members,25,recycled-aggregate,prediction,carbon;waste-valorization,none-detected,I(data-driven),DEEP,,
2-s2.0-85140995923,10.1016/j.conbuildmat.2022.129600,2022,Construction and Building Materials,Prediction of compressive strength of alkali-activated construction demolition waste geopolymers using ensemble machine learning,66,recycled-aggregate,prediction,waste-valorization,none-detected,I(data-driven),STANDARD,,
2-s2.0-85151409429,10.1016/j.conbuildmat.2023.131014,2023,Construction and Building Materials,"Estimation of strength, rheological parameters, and impact of raw constituents of alkali-activated mortar using machine learning and SHapely Additive exPlanations (SHAP)",92,one-part;fly-ash,optimization,none-explicit,XAI,I(data-driven),STANDARD,,
SD11,,2026,Engineering Applications of Artificial Intelligence,"Data-driven design of solid-waste-based alkali-activated material via data augmentation, performance prediction, and virtual screening",,mixed/other-AAM,inverse-design,waste-valorization,none-detected,I(data-driven),DEEP,,
SD15,,2024,Construction and Building Materials,Evaluation and prediction of slag-based geopolymer's compressive strength using DOE approach and ANN algorithms,,slag,prediction,none-explicit,none-detected,I(data-driven),STANDARD,2-s2.0-85198097710,
SD29,,2024,Results in Engineering,Exploring the rheological and mechanical properties of alkali activated mortar incorporating waste foundry sand: experimental and machine learning investigation,,mixed/other-AAM,prediction,waste-valorization,none-detected,I(data-driven),STANDARD,2-s2.0-85204787307,
SD59,,2025,Cleaner Engineering and Technology,Multivariate predictive modeling of compressive strength in GGBS/fly ash-based alkali-activated concrete,,FA-slag,prediction,none-explicit,none-detected,I(data-driven),STANDARD,2-s2.0-105008226145,
SD67,,2025,Engineering Applications of Artificial Intelligence,Chemically-Guided extreme gradient boosting models for predicting the elastic modulus of alkali-activated Concrete,,mixed/other-AAM,prediction,none-explicit,none-detected,I(data-driven),STANDARD,2-s2.0-105006578328,
SD73,,2026,Construction and Building Materials,Mechanistic insights into the rheology of recycled concrete powder based geopolymer using SHAP-integrated machine learning,,recycled-aggregate,prediction,waste-valorization,XAI,I(data-driven),STANDARD,,
SD76,,2026,Ain Shams Engineering Journal,Neural network-based prediction of mechanical properties in high-strength fly ash-based geopolymer mortars,,fly-ash,prediction,none-explicit,none-detected,I(data-driven),STANDARD,,
SD80,,2025,Sustainable Chemistry and Pharmacy,Recycling three local waste materials for optimizing the mechanical performance of fly ash-based geopolymer cement: ternary mixture design and ANN modeling,,fly-ash,prediction,waste-valorization,none-detected,I(data-driven),STANDARD,2-s2.0-105007141533,
SD91,,2026,Cement and Concrete Research,Quantifying resolution-dependent microstructure and pore-network topology in LDH-modified alkali-activated slag pastes via synchrotron X-ray nano-holotomography,,slag,prediction,none-explicit,none-detected,I(data-driven),STANDARD,2-s2.0-105034205835,
SD106,,2025,Next Materials,Development of an ANN based model for tailoring the fracture response of eco-friendly engineered geopolymer composites (EGC),,mixed/other-AAM,prediction,none-explicit,none-detected,I(data-driven),STANDARD,,
SD108,,2025,Results in Materials,Effect of ingredients and experimental parameter on the rheological and mechanical properties of self-compacting agro-geopolymer paste: Experimental and autoencoder based deep learning,,mixed/other-AAM,prediction,none-explicit,none-detected,I(data-driven),STANDARD,2-s2.0-105021995286,
SD111,,2024,Case Studies in Construction Materials,Predictive modelling of compressive strength of fly ash and GGBS based geopolymer concrete using machine learning techniques,,FA-slag,prediction,none-explicit,none-detected,I(data-driven),STANDARD,2-s2.0-85189751976,
SD113,,2024,Journal of Hazardous Materials,Machine learning-based prediction of heavy metal immobilization rate in the solidification/stabilization of MSWI fly ash by geopolymers,,fly-ash,prediction,none-explicit,none-detected,I(data-driven),STANDARD,2-s2.0-85184784947,
SD114,,2025,Journal of Cleaner Production,Sustainable dynamic multi-objective optimization framework of fiber-reinforced geopolymer for soils stabilization based on machine learning and NSGA-II,,stabilized-soil,multi-objective-optimization,none-explicit,none-detected,I(data-driven),DEEP,2-s2.0-105023679436,
SD130,,2025,Hybrid Advances,Sustainable geopolymer concrete evaluation using machine learning and PDP analysis,,mixed/other-AAM,prediction,none-explicit,XAI,I(data-driven),STANDARD,,
SD133,,2026,Journal of Constructional Steel Research,"Compression performance of square concrete-filled steel tube columns with steel-fibre-reinforced geopolymer concrete: Experiment, simulation and machine-learning",,mixed/other-AAM,prediction,none-explicit,none-detected,I(data-driven),STANDARD,2-s2.0-105038428124,
SD145,,2024,Materials Today Communications,AI-driven design for the compressive strength of ultra-high performance geopolymer concrete (UHPGC): From explainable ensemble models to the GUI,,mixed/other-AAM,prediction,none-explicit,XAI,I(data-driven),STANDARD,2-s2.0-85199388068,
SD148,,2023,Construction and Building Materials,Structural assessment of Basalt FRP reinforced self-compacting geopolymer concrete using ANN modelling,,mixed/other-AAM,prediction,none-explicit,none-detected,I(data-driven),STANDARD,2-s2.0-85165117999,
SD152,,2025,Construction and Building Materials,Multi-objective optimization of recycled fine aggregate geopolymer-based grouting materials using RSM and BPNN coupled approach,,mixed/other-AAM,multi-objective-optimization,waste-valorization,none-detected,I(data-driven),DEEP,2-s2.0-105022899593,
SD181,,2026,Composites Part A,Ambient-Cured alkaline geopolymer concrete with industrial by-products and micro-binders: Mix optimization and TiPNN-Based strength prediction,,mixed/other-AAM,optimization,waste-valorization,none-detected,I(data-driven),STANDARD,,
SD184,,2023,Construction and Building Materials,"Estimation of strength, rheological parameters, and impact of raw constituents of alkali-activated mortar using machine learning and SHAP",,mixed/other-AAM,prediction,none-explicit,XAI,I(data-driven),STANDARD,2-s2.0-85151409429,
SD201,,2022,Construction and Building Materials,Determination of compressive strength of perlite-containing slag-based geopolymers and its prediction using ANN and regression-based methods,,slag,prediction,none-explicit,none-detected,I(data-driven),STANDARD,2-s2.0-85140472829,
SD205,,2021,Ain Shams Engineering Journal,Sustainable use of fly-ash: Use of GEP and MEP for forecasting the compressive strength geopolymer concrete,,fly-ash,prediction,none-explicit,none-detected,I(data-driven),STANDARD,,
SD224,,2026,Next Research,"AI-Assisted optimization of coconut-pith-reinforced fly-ash geopolymer composites: Integrating experimental design, machine learning, and Bayesian optimization",,fly-ash,optimization,none-explicit,none-detected,I(data-driven),STANDARD,,
SD232,,2026,Construction and Building Materials,Parametric insights into carbonate activated GGBS-FA geopolymer concrete incorporating recycled concrete aggregate through hybrid statistical machine learning,,FA-slag;recycled-aggregate,prediction,waste-valorization,none-detected,I(data-driven),STANDARD,2-s2.0-105041155252,
SD236,,2026,Next Materials,ML driven classification and optimization of silica fume-polypropylene fiber induced geopolymer concrete using clustering and regression,,mixed/other-AAM,optimization,none-explicit,none-detected,I(data-driven),STANDARD,,
SD239,,2026,Construction and Building Materials,"Bacillus megaterium-incorporated GGBS geopolymer mortar: Explainable ensemble machine learning, multi-objective optimization, and probabilistic reliability",,slag,multi-objective-optimization,none-explicit,XAI;UQ,I(data-driven),DEEP,2-s2.0-105044605134,
SD248,,2025,Open Ceramics,Machine learning for the optimization of porosity-hygroscopy correlations of porous geopolymers in indoor thermal comfort,,mixed/other-AAM,optimization,none-explicit,none-detected,I(data-driven),STANDARD,2-s2.0-105018209089,
SD255,,2026,Advanced Engineering Informatics,Interpretable AI-driven framework for sustainable modification of dredged sludge: A knowledge-guided approach to industrial waste-geopolymer binders design,,mixed/other-AAM,prediction,waste-valorization,XAI,III-claimed(knowledge-guided),DEEP,2-s2.0-105020572626,
SD257,,2026,Case Studies in Thermal Engineering,Experimental and machine learning-based analysis of encapsulated lauric acid in geopolymer composites for thermal energy storage,,mixed/other-AAM,prediction,durability,none-detected,I(data-driven),STANDARD,,
SD264,,2024,Magazine of Concrete Research,Experimental and machine learning based study of compressive strength of geopolymer concrete,,mixed/other-AAM,prediction,none-explicit,none-detected,I(data-driven),STANDARD,,
SD266,,2025,Case Studies in Construction Materials,"Production and optimization of affordable artificial geopolymer aggregates containing crumb rubber, plastic waste, and granulated cork",,mixed/other-AAM,optimization,waste-valorization,none-detected,I(data-driven),STANDARD,2-s2.0-105004260401,
SD273,,2024,Case Studies in Construction Materials,Comparative study on the prediction of the unconfined compressive strength of the one-part geopolymer stabilized soil using different hybrid machine learning,,one-part;stabilized-soil,prediction,none-explicit,none-detected,I(data-driven),STANDARD,2-s2.0-85199550255,
SD279,,2025,Journal of Materials Research and Technology,Explicit gradient boosting machine for accurate compressive strength prediction of metakaolin-based geopolymer concrete,,metakaolin/clay,prediction,none-explicit,none-detected,I(data-driven),STANDARD,2-s2.0-105025718843,
SD283,,2025,Pedosphere,Data-driven model and probabilistic evaluation of heavy metal immobilization in geopolymer-treated municipal solid waste using tabular prior-data fitted network,,mixed/other-AAM,prediction,waste-valorization,UQ,I(data-driven),DEEP,,
SD288,,2025,Journal of Building Engineering,Compressive strength prediction and feature analysis for GGBS-Based geopolymer concrete using optimized XGBoost and SHAP,,slag,prediction,none-explicit,XAI,I(data-driven),STANDARD,,
SD292,,2026,Marine Environmental Research,Sustainability of corrosion-induced degradation of marine engineering structures: bibliometric analysis,,mixed/other-AAM,prediction,durability,none-detected,I(data-driven),STANDARD,,
SD295,,2023,Construction and Building Materials,Effects of binder proportion and curing condition on the mechanical characteristics of volcanic ash- and slag-based geopolymer mortars; machine learning integrated,,slag,prediction,none-explicit,none-detected,I(data-driven),STANDARD,2-s2.0-85164237068,
SD297,,2023,Materials Today Communications,Influence of chemical constituents of binder and activator in predicting compressive strength of fly ash-based geopolymer concrete using firefly-optimized hybrid ensemble,,fly-ash,prediction,none-explicit,none-detected,I(data-driven),STANDARD,2-s2.0-85175522591,
SD304,,2024,Journal of Cleaner Production,Influence of treated recycled concrete aggregate and modified mixing approach on the mechanical properties of ternary blend geopolymer concrete: Experiments and ML,,recycled-aggregate,prediction,waste-valorization,none-detected,I(data-driven),STANDARD,2-s2.0-85185324121,
SP8,,2025,Materials Circular Economy,ML Model to Predict the Compressive Strength of Geopolymer Mortar Modified with Palm Oil Fuel Ash,,mixed/other-AAM,prediction,none-explicit,none-detected,I(data-driven),STANDARD,,
SP19,,2026,Scientific Reports,Evaluate the compressive strength of fiber-reinforced geopolymer concrete incorporating GGBS with machine learning approach,,slag,prediction,none-explicit,none-detected,I(data-driven),STANDARD,2-s2.0-105044047437,
SP20,,2025,Asian Journal of Civil Engineering,Comparative study on the mechanical properties of geopolymer concrete containing GGBS and fly ash using experimental analysis and ANN,,FA-slag,prediction,none-explicit,none-detected,I(data-driven),STANDARD,2-s2.0-105005547455,
CR9,10.3390/ma19153347,2026,Materials,Interpretable Machine Learning for One-Part Fly-Ash/Slag Geopolymer Strength Prediction (10.3390/ma19153347),,one-part;FA-slag,prediction,none-explicit,XAI,I(data-driven),STANDARD,,
CR14,,2026,Materia (Rio de Janeiro),Performance prediction of sustainable geopolymer concrete incorporating biochar and nano-cellulose using ML (10.1590/1517-7076-rmat-2025-0692),,mixed/other-AAM,prediction,none-explicit,none-detected,I(data-driven),STANDARD,,
CR20,,2024,Evergreen,Predicting Compressive Strength and Density of Ecuadorian Natural Mordenite-Based Geopolymer Using ML (10.5109/7326955),,mixed/other-AAM,prediction,none-explicit,none-detected,I(data-driven),STANDARD,2-s2.0-85213890304,
CR21,,2026,Scientific Reports,Mechanical and durability performance prediction of geopolymer incorporating ferrosilicon slag and aluminum powder (10.1038/s41598-025-32654-y),,slag,prediction,durability,none-detected,I(data-driven),STANDARD,2-s2.0-105029031811,
CR22,,2024,Transportation Infrastructure Geotechnology,Predictive Modeling of Geopolymer Concrete Properties Incorporating Phosphogypsum and Slag (10.1007/s40515-024-00435-1),,slag,prediction,none-explicit,none-detected,I(data-driven),STANDARD,2-s2.0-85199317809,
CR23,,2026,Rocznik Ochrona Srodowiska,Data-Driven Prediction of CO2 Emissions in Low-Carbon Geopolymer Concrete (10.54740/ros.2026.024),,mixed/other-AAM,prediction,carbon,none-detected,I(data-driven),DEEP,2-s2.0-105041330738,
CR24,,2022,Buildings,Predicting the Geopolymerization Process of Fly-Ash-Based Geopolymer Using ML (10.3390/buildings12111792),,fly-ash,prediction,none-explicit,none-detected,I(data-driven),STANDARD,2-s2.0-85141866607,
CR31,,2024,Buildings,Digital Industrial Design Method in Architectural Design by ML Optimization: Towards Sustainable Construction Practices of Geopolymer Concrete (10.3390/buildings14123998),,mixed/other-AAM,optimization,none-explicit,none-detected,I(data-driven),STANDARD,2-s2.0-85213081122,
CR39,,2023,Asian Journal of Civil Engineering,Prediction of CS of geopolymer concrete using random forest machine and deep learning (10.1007/s42107-023-00670-w),,mixed/other-AAM,prediction,none-explicit,none-detected,I(data-driven),STANDARD,2-s2.0-85153629677,
CR40,,2026,Sustainability,Interpretable Machine Learning for CS Prediction of Fly Ash-Based Geopolymer Concrete (10.3390/su18052227),,fly-ash,prediction,none-explicit,XAI,I(data-driven),STANDARD,2-s2.0-105032671997,
CR45,,2026,Scientific Reports,"Explainable ML based optimization of strength, durability, and carbon efficiency of fly ash-GGBS geopolymer concrete (10.1038/s41598-026-48502-6)",,FA-slag,optimization,durability,XAI,I(data-driven),STANDARD,2-s2.0-105041916976,
CR54,,2026,CMES,ML Prediction of the CS of Nano-Silica-Modified Hybrid Geopolymer Mortar (10.32604/cmes.2026.083537),,mixed/other-AAM,prediction,none-explicit,none-detected,I(data-driven),STANDARD,2-s2.0-105043808411,
CR56,,2025,International Journal of Applied Ceramic Technology,Comparative study of ML algorithms for predicting CS of geopolymer concrete (10.1111/ijac.70065),,mixed/other-AAM,prediction,none-explicit,none-detected,I(data-driven),STANDARD,2-s2.0-105018191445,
CR58,,2026,Materials,Prediction of UCS of One-Part Geopolymer-Stabilized Soil Under Acidic Erosion (10.3390/ma19010209),,one-part;stabilized-soil,prediction,durability,none-detected,I(data-driven),STANDARD,2-s2.0-105027891057,
CR60,,2024,Structural Concrete,Predictive modeling of CS of geopolymer concrete before and after high temperature (10.1002/suco.202400552),,mixed/other-AAM,prediction,none-explicit,none-detected,I(data-driven),STANDARD,2-s2.0-105003402939,
CR62,,2026,Asian Journal of Civil Engineering,Data-driven ensemble ML framework for reliable CS prediction of alkali-activated composites (10.1007/s42107-026-01654-2),,mixed/other-AAM,prediction,none-explicit,none-detected,I(data-driven),STANDARD,2-s2.0-105033400440,
CR63,,2024,Materials,Efficient CS Prediction of Alkali-Activated Waste Materials Using ML (10.3390/ma17133141),,mixed/other-AAM,prediction,waste-valorization,none-detected,I(data-driven),STANDARD,2-s2.0-85198398698,
CR69,,2020,ACI Materials Journal,Design of Alkali-Activated Slag-Fly Ash Concrete Mixtures Using Machine Learning (10.14359/51727019),,FA-slag,prediction,none-explicit,none-detected,I(data-driven),STANDARD,,
CR74,,2025,Journal of Structural Design and Construction Practice,Experimental Verification for ML Approaches in CS Prediction of AAC (10.1061/jsdccc.sceng-1565),,mixed/other-AAM,prediction,none-explicit,none-detected,I(data-driven),STANDARD,2-s2.0-105019213120,
CR75,,2021,Applied Sciences,ML Approaches for Prediction of the CS of Alkali Activated Termite Mound Soil (10.3390/app11114754),,stabilized-soil,prediction,none-explicit,none-detected,I(data-driven),STANDARD,2-s2.0-85107011496,
CR79,,2026,Scientific Reports,ML-driven optimization of alkali-activated sustainable pavement concrete incorporating agro-industrial wastes (10.1038/s41598-026-55050-6),,mixed/other-AAM,optimization,waste-valorization,none-detected,I(data-driven),STANDARD,,
CR80,,2024,Materials,Elemental Design of Alkali-Activated Materials with Solid Wastes Using ML (10.3390/ma17184573),,mixed/other-AAM,prediction,waste-valorization,none-detected,I(data-driven),STANDARD,2-s2.0-85205314373,
CR81,,2025,Asian Journal of Civil Engineering,ML modelling for strength prediction and durability of AAB with POFA and granite dust (10.1007/s42107-025-01319-6),,mixed/other-AAM,prediction,durability,none-detected,I(data-driven),STANDARD,2-s2.0-105001472285,
CR85,,2026,Materials,Predicting Mechanical Strength of Alkali-Activated High-Performance Concrete Using ML Methods (10.3390/ma19112235),,mixed/other-AAM,prediction,none-explicit,none-detected,I(data-driven),STANDARD,2-s2.0-105041418910,
CR87,,2025,Journal of Wuhan University of Technology-Mater Sci Ed,ML Prediction and Feature Impact Analysis of Durability Performance of Solid Waste-AAM (10.1007/s11595-025-3171-z),,mixed/other-AAM,prediction,waste-valorization;durability,none-detected,I(data-driven),STANDARD,2-s2.0-105020376483,
CR88,,2024,Multiscale and Multidisciplinary Modeling Experiments and Design,Metaheuristic optimization of ML models for strength prediction of HP self-compacting AAS concrete (10.1007/s41939-023-00349-4),,mixed/other-AAM,optimization,none-explicit,none-detected,I(data-driven),STANDARD,2-s2.0-85186632565,
CR91,,2026,Research on Engineering Structures and Materials,Performance assessment of sustainable one-part AAC: experimental and ML approach (10.17515/resm2026-1531ma0224rs),,one-part,prediction,none-explicit,none-detected,I(data-driven),STANDARD,,
CR93,,2024,Archives of Civil and Mechanical Engineering,Active learning on stacked ML techniques for predicting CS of alkali-activated UHPC (10.1007/s43452-024-01067-5),,mixed/other-AAM,experiment-selection,none-explicit,none-detected,I(data-driven),DEEP,2-s2.0-85210148745,
CR99,,2024,Materials,Performance Characterization and Composition Design Using ML for Slag-Desulfurization Gypsum-Based AAM (10.3390/ma17143540),,slag,prediction,none-explicit,none-detected,I(data-driven),STANDARD,2-s2.0-85199769009,
