sample_id,record_id,doi,year,venue,title,abstract,M_material_system,T_primary_task,P_physics_type_I_to_V,E_env_function,D_deployment_stage,SC_explainability_YN,SC_uncertainty_YN,SC_calibration_YN,SC_robustness_YN,SC_OOD_or_transfer_YN,SC_external_validation_YN,SC_physical_consistency_YN,SC_reproducibility_YN,notes
RC01,2-s2.0-85130320551,10.3390/ma15103443,2022,Materials,Artificial Neural Network with a Cross-Validation Technique to Predict the Material Design of Eco-Friendly Engineered Geopolymer Composites,"A material-tailored special concrete composite that uses a synthetic fiber to make the concrete ductile and imposes strain-hardening characteristics with eco-friendly ingredients is known as an “engineered geopolymer composite (EGC)”. Mix design of special concrete is always tedious, particularly without standards. Researchers used several artificial intelligence tools to analyze and design the special concrete. This paper attempts to design the material EGC through an artificial neural network with a cross-validation technique to achieve the desired compressive and tensile strength. A database was formulated with seven mix-design influencing factors collected from the literature. The five best artificial neural network (ANN) models were trained and analyzed. A gradient descent momentum and adaptive learning rate backpropagation (GDX)–based ANN was developed to cross-validate those five best models. Upon regression analysis, ANN [2:16:16:7] model performed best, with 74% accuracy, whereas ANN [2:16:25:7] performed best in cross-validation, with 80% accuracy. The best individual outputs were “tacked-together” from the best five ANN models and were also analyzed, achieving accuracy up to 88%. It is suggested that when these seven mix-design influencing factors are involved, then ANN [2:16: 25:7] can be used to predict the mix which can be cross-verified with GDX-ANN [7:14:2] to ensure accuracy and, due to the few mix trials required, help design the SHGC with lower costs, less time, and fewer materials. © 2022 by the authors. Li-censee MDPI, Basel, Switzerland.",mixed/other-AAM,inverse-design,I,none-explicit,lab-prediction,N,N,N,N,N,N,N,N,ANN [2:16:25:7] maps desired strengths->7 mix factors = inverse design; forward GDX-ANN [7:14:2] used to cross-check. Cost benefit claimed but not quantified.
RC02,2-s2.0-105019264834,10.1016/j.hybadv.2025.100569,2025,Hybrid Advances,Sustainable geopolymer concrete evaluation using machine learning and PDP analysis: Comparative insights into strength prediction,"The imperative to mitigate the carbon emissions associated with cement production has accelerated the development of geopolymer concrete (GPC) as a sustainable alternative to Ordinary Portland Cement (OPC). This study benchmarks widely used machine learning models (DT, RF, ANN, and LR) for predicting the compressive strength of geopolymer concrete (GPC) and integrates Partial Dependence Plot (PDP) analysis to connect predictions with binder chemistry and curing dynamics. A dataset comprising 400 experimental samples was compiled, incorporating six critical variables: coarse aggregate, fine aggregate, ground granulated blast-furnace slag (GGBS), sodium silicate, superplasticizer, and curing temperature. Four ML algorithms Decision Tree (DT), Random Forest (RF), Artificial Neural Network (ANN), and Linear Regression (LR) were systematically evaluated. The models were trained and tested on 70/30 ratio, with performance assessed using the coefficient of determination (R2), root mean square error (RMSE), mean absolute error (MAE), and mean absolute percentage error (MAPE). The results indicated that DT outperformed all models, achieving R2 = 0.97 (training) and 0.94 (testing) with minimal errors (RMSE = 1.85–2.45 MPa, MAE = 1.20–1.70 MPa, MAPE = 0.058–0.118). RF also demonstrated high reliability, R2 = 0.94, whereas ANN exhibited moderate predictive capacity (R2 = 0.91-0.89) but was prone to overfitting. LR consistently underperformed (R2 = 0.88-0.85), reflecting its limitations in capturing the nonlinearities. Partial Dependence Plot (PDP) analysis confirmed that GGBS (Δ = 55 MPa) and curing temperature (Δ = 23 MPa) were the most influential factors, followed by sodium silicate and superplasticizer, whereas excess aggregates reduced CS. This study highlights the practical advantages of tree-based models in AI-driven mix optimization which provides an interpretable and robust framework for sustainable GPC design, thereby promoting the adoption of low-carbon binders in structural applications. © 2025 The Authors",slag,prediction,I,none-explicit,lab-prediction,Y,N,N,N,N,N,N,N,"PDP+feature ranking = explainability. GGBS only named precursor. 'robust/interpretable framework' is rhetorical, no perturbation test."
RC03,2-s2.0-85200111883,10.1016/j.conbuildmat.2024.137509,2024,Construction and Building Materials,Predicting the compressive strength of engineered geopolymer composites using automated machine learning,"Engineered Geopolymer Composites (EGC) offer a sustainable and high-performance alternative to traditional concrete and Engineered Cementitious Composites, boasting reduced environmental impact and enhanced mechanical properties. However, optimising EGC mix design for specific applications requires an accurate prediction of its compressive strength. This study investigates the application of Automated Machine Learning using the PyCaret library to develop reliable predictive models for EGC compressive strength. A comprehensive experimental program was conducted, testing 132 EGC specimens with varying mix design parameters, including binder ratio, silica fume content, activator ratio, water content, superplasticizer dosage, and curing method. The collected data was used to train and evaluate twenty different machine learning models. Model performance was assessed using various metrics. The top six models were shortlisted and optimised using Random Search algorithm. The models were assessed through a detailed analysis of their residual plots and learning curves. Additionally, Feature importance and SHAP analysis were employed to understand the influence of each input parameter on the predicted compressive strength. The results demonstrate the effectiveness of AML in accurately predicting EGC compressive strength, with the Gradient Boosting Regressor and CatBoost Regressor models exhibiting superior performance, achieving Mean Absolute Error (MAE) below 1.2 MPa and R² exceeding 0.96. The study highlights the potential of AML as a valuable tool for optimising EGC mix design and promoting the wider adoption of this sustainable construction material. © 2024",mixed/other-AAM,prediction,I,none-explicit,lab-prediction,Y,N,N,N,N,N,N,N,"Precursor not named (binder ratio + silica fume only). Residual plots/learning curves are diagnostics, not robustness tests."
RC04,2-s2.0-85164505679,10.1007/s42107-023-00807-x,2024,Asian Journal of Civil Engineering,Feature engineering for predicting compressive strength of high-strength concrete with machine learning models,"High-performance concrete finds extensive application in a diverse range of civil engineering structures, such as towering buildings, swift roadways, sea-spanning bridges, dams, and marine constructions. Anticipating the compressive strength of concrete poses significant challenges due to its inherent complexity. However, this study successfully utilized machine learning approaches to accurately predict the compressive strength of high-strength concrete. Through experimental programs, the researchers gathered 100 data points, enabling a comprehensive evaluation of the model's predictive capabilities across various strength parameters. The constructed models exhibited precise predictions of the compressive strength of geopolymer concrete, as evidenced by the high R 2 value and low root-mean-square error value. © 2023, The Author(s), under exclusive licence to Springer Nature Switzerland AG.",mixed/other-AAM,prediction,I,none-explicit,lab-prediction,N,N,N,N,N,N,N,N,"Title says high-strength concrete, abstract says geopolymer concrete - internally inconsistent. Very thin abstract; no precursor, no model named."
RC05,2-s2.0-85140472829,10.1016/j.conbuildmat.2022.129518,2022,Construction and Building Materials,Determination of compressive strength of perlite-containing slag-based geopolymers and its prediction using artificial neural network and regression-based methods,"This study has two main objectives: (i) to investigate the parameters affecting the compressive strength (CS) of perlite-containing slag-based geopolymers and (ii) to predict the CS values obtained from experimental studies. In this regard, 540 cubic geopolymer samples incorporating different raw perlite powder (RPP) replacement ratios, different sodium hydroxide (NaOH) molarity, different curing time, and different curing temperatures for a total of 180 mixture groups were produced and their CS results were experimentally determined. Then conventional regression analysis (CRA), multivariate adaptive regression splines (MARS), and TreeNet methods, as well as artificial neural network (ANN) methods, were used to predict the CS results of geopolymers using this experimentally obtained data set. Root mean square error (RMSE), mean absolute error (MAE), scatter index (SI) and Nash-Sutcliffe (NS) performance statistics were used to evaluate the CS prediction capabilities of the methods. As a result, it was determined that the optimum molarity, curing time, and curing temperature were 14 M, 24 h, and 110 ℃, respectively and 48 h of heat curing did not have a significant effect on increasing the CS of the geopolymers. The highest performances in regression-based models were obtained from the MARS method. However, the ANN method showed higher prediction performance than the regression-based methods. Considering the RMSE values, it was seen that the ANN method made improvements by 24.7, 2.1, and 13.7 %, respectively, compared to the MARS method for training, validation, and test sets. © 2022 Elsevier Ltd",slag,prediction,I,none-explicit,lab-prediction,N,N,N,N,N,N,N,N,Perlite powder replacement in slag-based GP. NaOH molarity treated as mix parameter (type I) not oxide chemistry - see coding convention note.
RC06,2-s2.0-105039856041,10.1007/s40996-026-02191-3,2026,Iranian Journal of Science and Technology - Transactions of Civil Engineering,Time-Dependent Durability Indicators and Physics-Informed Predictive Modelling of Engineered Geopolymer Aggregates,"In this research, manufactured geopolymer coarse aggregates using cut-blade mechanisms have been assessed based on transport and chemical degradation durability indicators, using physics-informed machine learning models for prediction. The aggregates are first cured in an oven at 600 c for 48 h to achieve proper geo-polymerisation and then cured in hot water for 28–90 days. Extensive preliminary trials were conducted to determine the optimal molarity of the alkali activator, as the concentration of NaOH significantly influences geopolymer gel formation and the stability of the final aggregate. After finalising the suitable molarity and activator ratio, the glass powder content was varied from 0% to 20% to examine its individual influence on durability. The results show that the FA80GP20 mix is having the best performance, with porosity reduced to about 9.85–10.1%, water absorption to 4.63–4.8%, and sulphate mass loss to 1.65–1.70%, compared to the control FA100 mix which showed porosity of 15.8–16.5%, water absorption of 8.0–8.5%, and mass loss of 3.8–4.0%. This improvement of approximately 35–40% in durability-related properties. To assess long-term behaviour, a Physics-Informed Machine Learning (PIML) model was developed by combining experimental data with established material relationships and comparing the results with a simple machine learning model. The PIML model achieved high predictive accuracy (R² = 0.94) while maintaining physical consistency, with a deviation of less than 2.1% from expected material trends. SHAP analysis showed that porosity, glass powder content, and activator ratio were the most influential features controlling durability. The findings demonstrate that integrating durability experiments with physics-guided machine learning offers a dependable framework for designing high-performance geopolymer aggregates, particularly for time-dependent durability indicators. © The Author(s), under exclusive licence to Shiraz University 2026.",fly-ash,prediction,III,durability;waste-valorization,lab-prediction,Y,N,N,N,N,N,Y,N,"Authors label it PIML but abstract only demonstrates 'combining experimental data with established material relationships' -> III not IV per 'code what is demonstrated'. Durability quantified (porosity, absorption, sulphate loss); waste glass powder content quantified."
RC07,2-s2.0-85214256862,10.1016/j.conbuildmat.2024.139746,2025,Construction and Building Materials,Transfer learning framework for modelling the compressive strength of ultra-high performance geopolymer concrete,"Ultra-high performance geopolymer concrete (UHPGC) presents a sustainable alternative to traditional ultra-high performance concrete (UHPC). Accurate prediction of UHPGC compressive strength is crucial for its wider adoption in both industry and academia. However, the complex interplay of factors influencing UHPGC compressive strength, coupled with limited available data, makes this task challenging. Therefore, this study aims to establish a transfer learning (TL) framework for UHPGC compressive strength prediction. This work explored the ability of TL to leverage the knowledge acquired from normal-strength geopolymer concrete datasets to develop models for predicting the compressive strength of UHPGC. The results demonstrate that TL models (transferred Convolutional Neural Network (transferred CNN), transferred Tabnet, and Two-stage TrAdaboost.R2) outperform traditional machine learning (ML) models (CNN, Tabnet, Adaboost.R2), with the corresponding R-square score of 0.93, 0.93, and 0.94 (for the TL models) and 0.86, 0.89, and 0.90 (for the traditional ML models). Additionally, TL models exhibit 10%–30% lower RMSE than their traditional counterparts. Furthermore, the findings indicate that a minimum of 40 data samples in the target domain is necessary for reliable predictions. In conclusion, the study captures the effectiveness of the TL approach in overcoming data scarcity and the robustness of TL models to variations of features in the target domain. This research highlights the potential of knowledge transfer from well-researched geopolymers to develop predictive models for specialised geopolymer types with limited data. © 2024 Elsevier Ltd",mixed/other-AAM,prediction,I,none-explicit,lab-prediction,N,N,N,Y,Y,Y,N,N,"Transfer learning normal-strength GPC -> UHPGC. Robustness to target-domain feature variation explicitly claimed; target data independent of source training data -> external_validation Y (borderline, flag for adjudication)."
RC08,2-s2.0-86000288956,10.32526/ennrj/23/20240170,2025,Environment and Natural Resources Journal,Performance and Heavy Metal Leaching Behavior of Bituminous Fly Ash-Based Geopolymer in Aggressive Environments,"This article investigates the performance of a geopolymer synthesized from bituminous fly ash (BFA) activated with sodium hydroxide. The BFA-based geopolymer (BFAG) exhibited high mechanical strength and a densified microstructure. The optimal SiO2/Al2O3 and Na2O/SiO2 molar ratios were found to be 3:1 and 0.2, respectively, yielding a 28-day compressive strength of 9.65 MPa. The inclusion of 30wt.% of a PS material containing heavy metals led to a substantial reduction in strength by 56% and 73% compared to samples with the SiO2/Al2O3 molar ratio of 2:1 and 3:1, respectively, at 28 days. The ability of the BFAG matrix to contain 30wt.% PS was evaluated using a waste extraction test (WET). The leaching behavior of heavy metals from the BFAG matrix was assessed with three aggressive leachants: sodium citrate, sodium acetate, and synthetic acid rain. Results showed that, under exposure to these leachants, the leached concentrations of Cr, Fe, and Zn from samples with the SiO2/Al2O3 ratio of 3:1 were lower than those from samples with the 2:1 ratio, with concentrations ranging from 0.32-1.73, 3.07-6.67, and 152-284 mg/L, respectively. Despite exposure to harsh conditions, the BFAG matrix effectively immobilized over 99% for Cr and Fe and Zn, except when exposed to sodium citrate which only retained 98.5% of Zn. BFAG can be used to treat heavy metal and heavy metal-contaminated sludge. This matrix reduces environmental exposure, thereby decreasing heavy metal leaching into the environment before safe disposal in landfills. BFAG can also be used as a cement substitute in the solidified process, which lowers treatment costs and reduces cement consumption. It can decrease carbon dioxide emissions from cement production. © 2025, Faculty of Environment and Resource Studies,Mahidol University. All rights reserved.",fly-ash,prediction,I,waste-valorization;durability,lab-prediction,N,N,N,N,N,N,N,N,*** NO ML/AI ANYWHERE IN ABSTRACT *** purely experimental leaching study. Candidate false positive for the corpus. T/P/D coded as floor values only so the row is not blank.
RC09,2-s2.0-105030153533,10.1016/j.mtcomm.2026.114833,2026,Materials Today Communications,Toward a glass-box framework: Interpretable and statistically validated machine learning for geopolymer concrete strength prediction,"The complex, non-linear interactions between mix parameters hinder the reliable design of geopolymer concrete (GPC), a sustainable alternative to Ordinary Portland Cement. This study addresses this by establishing a high-fidelity, interpretable machine learning framework to predict compressive strength. An Extreme Gradient Boosting (XGBoost) model was developed using a curated database of 1470 mix designs and optimized via randomized cross-validation. The model achieved exceptional accuracy on a test set (R2=0.95, RMSE =3.40 MPa, MAE =2.04 MPa), maintaining strong performance across low-to-high strength ranges (15-102 MPa). Novelty lies in a rigorous, multi-tiered validation and interpretability framework. Statistical diagnostics confirmed distributional reliability, while minimal performance degradation (∼4.11%) validated strong generalization across diverse chemistries. Furthermore, SHapley Additive exPlanations (SHAP) analysis transformed the model into a transparent “glass-box” tool. SHAP identified curing time, GGBFS content, and NaOH molarity as primary positive drivers, establishing “extra water” as the most detrimental factor-aligning outputs with geopolymerization kinetics. This framework delivers statistically validated insights to streamline mix design, reduce experimental burden, and accelerate sustainable GPC adoption. © 2026 The Author(s).",mixed/other-AAM,prediction,I,none-explicit,lab-prediction,Y,N,N,N,N,N,Y,N,"GGBFS named but 'diverse chemistries' implies mixed database. 'Generalization across diverse chemistries' (4.11% degradation) read as train/test degradation not true OOD -> N, borderline. SHAP aligned with geopolymerization kinetics -> physical_consistency Y."
RC10,2-s2.0-105034262038,10.1016/j.istruc.2025.110896,2026,Structures,Prediction of mechanical strength and performance of alkali-activated binders concrete using optimized machine learning with partial dependence plot,"Alkali-activated binders have been utilized extensively since they are environmentally friendly and low-carbon products. Alkali-activated binder (AAB) concrete design relies significantly on two key parameters: Tensile strength and compressive strength. This research applied four machine learning models, including the CatBoost algorithm, XGB algorithm, Extra Trees algorithm, and LGBM algorithm, for predicting the compressive and splitting tensile strength of alkali-activated binder concrete. In addition, SHapley Additive Explanations (SHAP) analysis was conducted, offering a novel approach for interpreting model predictions by quantifying the influence of each input parameter on CS and TS. Alongside SHAP, PDP analysis using machine learning models shows how the content of every input variable impacts the CS and TS of AAB concrete. It is observed that machine learning models show better prediction performance where Values above 0.971, 0.8842 and 0.9343 at the training, testing and validation phases, respectively, for CS of AAB concrete. The RMSE values for all models were found to be below 3.1413, 4.7050, and 4.5282 at the training, testing, and validation phases, respectively, for CS. On the other hand, for the prediction of TS, the values of machine learning models were found to be 0.9344, 0.900, and 0.9767 at the validation, testing, and training phases, respectively. The RMSE value found for all models during training, testing, and validation was below 0.2894, 0.5741, and 0.4738, respectively. A Partial Dependence Plot (PDP) provides a more intuitive way to understand the relationship between input variables and the output. These findings could be used to design alkali-activated concrete specimens optimally for increased strength in the building construction industry. A user-friendly graphical interface unit has been developed for evaluating the compressive strength (CS) and tensile strength (TS) of alkali-activated binder (AAB) concrete, providing valuable guidance and practical reference for materials engineers in the field of concrete technology. © 2025 Institution of Structural Engineers. Published by Elsevier Ltd. All rights are reserved, including those for text and data mining, AI training, and similar technologies.",mixed/other-AAM,prediction,I,none-explicit,recommendation/decision-support,Y,N,N,N,N,N,N,N,"'Optimized ML' = hyperparameter tuning, not an optimization task. GUI tool delivered for engineers -> decision-support."
RC11,2-s2.0-105042663129,10.1061/JMCEE7.MTENG-22477,2026,Journal of Materials in Civil Engineering,Performance and Prediction Modeling of Environmentally Friendly Straw Retarder for Geopolymer Cement,"To address the balance between sustainability and performance in conventional geopolymer retarders, this study innovatively employs a dual-waste valorization strategy using mineral powder activated corn straw as a high-efficiency retarder. Under invariant grinding conditions with a 30-min duration, corn straw–based retarders incorporating silica fume exhibited significantly higher specific surface areas compared with those modified by fly ash. At an optimized silica fume-to-corn straw ratio of 1∶4 and a composite retarder dosage between 2% and 3%, carbohydrates derived from corn straw effectively regulated the setting behavior via Ca2þ complexation, complying with current Chinese standards. Simultaneously, silica fume improves straw dispersion and supplies active silicon sites, contributing to a compressive strength of 87.3 MPa. Furthermore, a back-propagation neural network (BPNN) model was developed for the first time to optimize corn straw–based retarders, achieving prediction errors below 8% for both setting time and compressive strength. The model identifies straw composition as the dominant factor governing retardation effectiveness-a finding that transcends conventional trial-and-error approaches and facilitates the rational design of waste-sourced admixtures. This strategy simultaneously delivers environmental and economic benefits. © 2026 American Society of Civil Engineers.",mixed/other-AAM,prediction,I,waste-valorization,lab-prediction,Y,N,N,N,N,N,N,N,"Corn straw is a retarder/admixture, not the precursor - precursor never named. BPNN said to 'optimize' retarders but only prediction error (<8%) demonstrated -> prediction. Model identifies straw composition as dominant factor -> importance-type explainability (borderline)."
RC12,2-s2.0-105036957483,10.1680/jadcr.25.00226,2026,Advances in Cement Research,Strength prediction of silicon–aluminum phosphate geopolymers using machine learning,"Silico-aluminate phosphate (SAP) geopolymers are three-dimensional amorphous polymers formed by the reaction of aluminosilicate with phosphate. They exhibit high strength, excellent thermal resistance, and corrosion resistance, making them highly promising for applications such as construction materials, fireproof/anticorrosive coatings, and hazardous waste immobilization. However, current research on SAP geopolymers is in its early stages, with limited reported studies and significant variability in optimal mix proportions for achieving high strength, which hinders further development. To clarify the factors influencing the strength of SAP geopolymers and advance their development, this study established, for the first time, a comprehensive database of seven key characteristic parameters and their corresponding strength values. Machine learning algorithms were used to developa model to predict the compressive strength of SAP geopolymers, along with a graphical user interface for strength prediction. The results showed that the random forest regression model delivered the best predictive performance (R2 > 0.8) and strong generalization capability. Increasing the curing temperature and phosphate concentration enhanced compressive strength. The molar ratios of phosphorus/aluminum, phosphorus/silicon, and silicon/aluminum molar ratio must be maintained within specific ranges to maximize strength. The optimal ranges for achieving peak strength were investigated. © 2026 Emerald Publishing Limited",mixed/other-AAM,prediction,II,none-explicit,recommendation/decision-support,N,N,N,N,N,N,N,N,"Phosphate-based (SAP) geopolymer; precursor aluminosilicate unnamed. P/Al, P/Si, Si/Al molar ratios used as input features -> II per convention (element/oxide molar ratios = II; activator dosage ratios = I). GUI delivered -> decision-support. 'Strong generalization' asserted without OOD test -> N."
RC13,2-s2.0-105017071730,10.1007/s40515-025-00701-w,2025,Transportation Infrastructure Geotechnology,Prediction of Unconfined Compressive Strength in Pozzolanic Geopolymer-Stabilized Granular Materials Using Tree-Based Models,"This research aimed to determine whether unconfined compressive strength (UCS) of low-quality granular materials saturated with natural pozzolanic geopolymer can be predicted using machine learning. The models to predict UCS were effectively established via the use of the Extremely Randomized Tree (ETR) and Decision Tree (DT) methodologies. Hippopotamus Optimizer (HiO) utilized for hyperparameter tuning to improve the expected precision and durability of the DT and ETR models. The results showed how well machine training-driven methods can assess granular materials stability and provide a useful analysis for enhancing geotechnical engineering methods through the utilization of data-driven modeling application tools. Based on the information provided, it was probable that HiOETR and HiODT would both calculate UCS accurately. The HiOETR yielded low RMSE index values, namely 0.3302 for the training stage and 0.3542 for the testing stage. The HiODT findings during the training and testing phases demonstrated greater reliability than previous results, with improvement percentages of -16.523% in training and −14.177% in testing. © The Author(s), under exclusive licence to Springer Science+Business Media, LLC, part of Springer Nature 2025.",stabilized-soil,prediction,I,none-explicit,lab-prediction,N,N,N,N,N,N,N,N,"Natural pozzolan geopolymer stabilising granular material. Hippopotamus Optimizer is hyperparameter tuning, not an optimization task. 'Durability' in abstract refers to model reliability, not material durability."
RC14,2-s2.0-85164237068,10.1016/j.conbuildmat.2023.132330,2023,Construction and Building Materials,Effects of binder proportion and curing condition on the mechanical characteristics of volcanic ash- and slag-based geopolymer mortars; machine learning integrated experimental study,"Contradicting natures of volcanic ash (VA)- and ground granulated blast furnace slag (GGBFS)- based geopolymers with regard to their need for being exposed to a heating source for conducting alkali-reactions make meaningful differences in the strength and flowability of mortars. To address the impacts of types of the geoploymerizing agent, their proportions, and different curing regimes on their strength and shrinkage behavior, three different curing scenarios including curing at room temperature, RT curing; resting under room temperature for various curing periods, and then hydrothermally curing at an elevated temperature for one day, RO curing; and curing in the oven for one day and then resting at the room temperature, for various curing periods, OR curing, are considered. Based on the flowability, setting time, unconfined compressive strength (UCS), and drying shrinkage tests on eight different mixtures, the effects of binder proportion and curing conditions are evaluated. It was observed that with the substitution of 30% VA with GGBFS, specimens cured at RT condition outperformed OR specimens. This threshold was 45% while comparing RT and RO specimens and with higher slag content, RT specimens gain higher UCS. Also, for GGBFS proportion less than 45%, specimens cured at RO conditions showed higher long-term UCS compared to the OR specimens, and this behavior was reversed for higher GGBFS content. Scanning electron microscopy test results indicated that N-A-S-(H) type gel is the dominant geopolymeric gel in VA-based specimens, and as the amount of slag increases, the gels formed change to N-(C)-A-S-H and with further addition of GGBFS, C-A-S-H type gel is the dominant gel which results in strength development in GGBFS-based specimens. Based on the results of 80 UCS and 140 drying shrinkage tests, different machine learning (ML) algorithms and an evolutionary model were employed to present accurate and cost-effective predictive models as useful and capable methods for practitioners and researchers for the preliminary design stages of projects. A comparative study revealed the superior prediction efficiency of the gradient boosting (GB) model with the R2 score of 95% among 8 different ML algorithms and advanced ensemble models. In addition, evolutionary models with the coefficients of determination of 92% and 95% are, respectively, proposed for the drying shrinkage and the UCS. This study advances the field by assessing VA-GGBFS blend and curing effects on geopolymer mortars and developing ML-based models for compressive strength and drying shrinkage, facilitating efficient optimization in practical applications. © 2023 Elsevier Ltd",slag;mixed/other-AAM,prediction,I,none-explicit,lab-prediction,N,N,N,N,N,N,N,N,"Volcanic ash has no listed category -> mixed/other-AAM alongside slag. SEM gel-chemistry findings are experimental, not fed into or used to check the model. Drying shrinkage coded as mechanical/serviceability, not durability - flag for adjudication."
RC15,2-s2.0-85177998089,10.12989/cac.2023.32.6.607,2023,Computers and Concrete,Comparative studies of different machine learning algorithms in predicting the compressive strength of geopolymer concrete,"The objective of this work is to determine the compressive strength of geopolymer concrete utilizing four distinct machine learning approaches. These techniques are known as gradient boosting machine (GBM), generalized linear model (GLM), extremely randomized trees (XRT), and deep learning (DL). Experimentation is performed to collect the data that is then utilized for training the models. Compressive strength is the response variable, whereas curing days, curing temperature, silica fume, and nanosilica concentration are the different input parameters that are taken into consideration. Several kinds of errors, including root mean square error (RMSE), coefficient of correlation (CC), variance account for (VAF), RMSE to observation’s standard deviation ratio (RSR), and Nash-Sutcliffe effectiveness (NSE), were computed to determine the effectiveness of each algorithm. It was observed that, among all the models that were investigated, the GBM is the surrogate model that can predict the compressive strength of the geopolymer concrete with the highest degree of precision. © 2023 Techno-Press, Ltd.",mixed/other-AAM,prediction,I,none-explicit,lab-prediction,N,N,N,N,N,N,N,N,Precursor never named; only silica fume and nanosilica given as inputs. Pure benchmark study.
RC16,2-s2.0-105031917043,10.1002/eng2.70615,2026,Engineering Reports,An Ensemble Machine Learning Method for Alkali-Activated Concrete Mix Ratio Analysis and Optimizing Experimental Results,"In the field of civil engineering, the analysis of the composition of alkali-sprayed concrete is of great significance for material research. However, there are currently no existing machine learning (ML) methods suitable for analyzing the composition of alkali-sprayed concrete. Therefore, we developed an ensemble learning (EL) algorithm combining a multilayer perceptron (MLP) and a random forest (RF) to infer the composition of crushed test blocks. The results show that this EL method improves the training algorithm's ability by 30% compared to single-stage ML algorithms and reduces the prediction error by 70% compared to traditional ML algorithms. This proves the feasibility of the EL algorithm in inferring the composition of alkali-activated concrete (AAC) materials. This provides a feasible method for using ML to analyze the composition of AAC. © 2026 The Author(s). Engineering Reports published by John Wiley & Sons, Ltd.",mixed/other-AAM,inverse-design,I,none-explicit,lab-prediction,N,N,N,N,N,N,N,N,"Infers composition from crushed test blocks = property->composition direction, so coded inverse-design rather than prediction; flag, since taxonomy's inverse-design may be intended narrowly as target-property mix design. Very thin abstract."
RC17,2-s2.0-85120039866,10.1007/s11356-021-17555-7,2022,Environmental Science and Pollution Research,Resistance of blended alkali-activated fly ash-OPC mortar to mild-concentration sulfuric and acetic acid attack,"The traditional cementitious product is prone to suffer from a high degree of deterioration in the case of exposure to acid solutions because of the decomposition of the binder network. However, the degradation of concrete structures in service by mild concentrations of acid under conditions involving sewage, industrial waters, and acid rain is more common and results in a significant environmental problem. The utilization of alkali-activated materials has been seen to potentially offer an attractive option with regard to acceptable durability and a low carbon footprint. With the aid of visual observation, mass loss, compressive strength tests, X-ray diffraction, Fourier transform infrared spectroscopy, and field-emission scanning electron microscopy with energy-dispersive X-ray spectroscopy, the acid resistance of alkali-activated fly ash mortars in which the precursor was partially replaced (0–30% by mass proportion) with ordinary Portland cement (OPC) was evaluated after 180 days of exposure to mild-concentration sulfuric and acetic solutions (pH = 3). A conventional cement mortar (100% OPC) was used as a reference group. The results demonstrate that the addition of OPC into the alkali-activated system causes a significant increase in compressive strength (around 16.08–36.61%) while showing an opposite influence on durability after acid attack. Based on a linear mean value and nonlinear artificial neural network model simulation, the mass losses of the specimens were evaluated, and the alkali-activated pure-fly ash mortar demonstrated the lowest value (i.e., a maximum of 5.61%) together with the best behavior in the aspect of discreteness at 180 days. The results from microstructure analysis show that the coexistence of the N–A–S–H and C–S–H networks in the blend system occurred by both OPC hydration and FA. However, the formation of the gypsum deposition within the fly ash-OPC blend systems at sulfuric acid was found to impose internal disintegrating stresses, causing a significant area of delamination and cracks. In addition, alkali metal ion leaching, dealumination, as well as the disappearance of some crystalline phases occurred in specimens immersed in both types of acids. © 2021, The Author(s), under exclusive licence to Springer-Verlag GmbH Germany, part of Springer Nature.",fly-ash,prediction,I,durability,lab-prediction,N,N,N,N,N,N,N,N,AAFA-OPC blend; ML is a minor component (ANN used to evaluate mass loss curves). Acid resistance quantified (mass loss up to 5.61% at 180 d) -> durability. Low carbon footprint asserted but not quantified.
RC18,2-s2.0-85199965976,10.1007/s41062-024-01632-0,2024,Innovative Infrastructure Solutions,Compatibility of sustainable geopolymer based on artificial neural network,"The present investigation on concrete and cement-based substances seeks to address pressing issues such as rising carbon emissions or corroding impacts on reinforced concrete structures through sustainable means. The use of geopolymer concrete is attributecd to its exceptional sustainability and carbon reduction features. The Global Cement and Concrete Association states that cement is the third most significant emitter of greenhouse gases into the atmosphere. Geopolymer concrete is a new type of concrete that has been developed through extensive research to reduce the harmful effects of cement on the surrounding atmosphere. Geopolymer concrete's engineering characteristics (compressive strength) are often described by testing methods that require large quantities of raw material, significant amount of sample preparation time and expensive equipment. Concrete’s compressive strength is a crucial factor in ensuring its quality. The evaluated methods include artificial neural networks (ANN) and deep neural networks (DNN) based on experimentally collected data. By constructing three multilayer network models and using the Levenberg–Marquardt (LM), Bayesian regularization (BR), and scaled conjugate gradient (SCG) algorithms, the prediction accuracy of the compression was evaluated of bagasse based geopolymer paste at different ages (7, 28 and 56 days) respectively. To evaluate the effectiveness of the proposed methods, various statistical tests are used, such as R squared (R2), Root mean square error (RMSE), and Mean square errors (MSE). © Springer Nature Switzerland AG 2024.",biomass-ash,prediction,I,none-explicit,lab-prediction,N,N,N,N,N,N,N,N,Bagasse-based geopolymer paste -> biomass-ash. Heavy carbon rhetoric (GCCA third-largest emitter) with zero quantification -> none-explicit.
RC19,2-s2.0-105021995286,10.1016/j.rinma.2025.100814,2025,Results in Materials,Effect of ingredients and experimental parameter on the rheological and mechanical properties of self-compacting agro-geopolymer paste: Experimental and autoencoder based deep learning techniques,"Cement is one of the best binder that is used in the construction industry, but it is neither a sustainable nor an economical choice. Cement manufacture industry has a major contribution to the anthropogenic carbon dioxide emissions that leads to increase in carbon footprint. So here comes the importance of finding an alternative to cement, which is both sustainable and economical. Geopolymers are such inorganic aluminosilicate polymers which gain its strength by polymerization. This study aims to investigate the influence of ingredients and experimental parameters on the various rheological and mechanical properties of self-compacting geopolymer paste. It was found that the testing temperature is the most influencing factor for the variation of rheology of geopolymer paste and the mechanical properties were adversely affected with the addition of superplasticizer (SP). As duration after mixing increases, the mix losses its plasticity and starts to set, hence the mix becomes more viscous. An autoencoder based deep learning algorithm is used to model and predict the rheological (mini slump, viscosity) and mechanical properties of geopolymer mixes with different SP dosages. In total, there were 330 data which is the database for training, validation and testing. Out of the 330 data sets, 270 were used for training, 30 for validation and 30 for testing the algorithm. The predicted and measured data were compared and accuracy was checked. A good correlation was obtained between the predicted and measured data. © 2025 The Authors.",biomass-ash,prediction,I,none-explicit,lab-prediction,N,N,N,N,N,N,N,N,"'Agro-geopolymer' -> biomass-ash by inference; specific agro-residue not named. Most-influential-factor claim comes from the experiments, not the autoencoder -> explainability N."
RC20,2-s2.0-105036193851,10.1007/s43621-025-02447-4,2026,Discover Sustainability,Machine learning optimized dry lean geopolymer concrete with reclaimed asphalt pavement for sustainable pavement applications,"This study develops a process-based optimization strategy for dry lean geopolymer concrete (DLGC) using reclaimed asphalt pavement (RAP) material via response surface methodology (RSM) and machine learning (ML) approaches. A Box–Behnken design with 156 experimental runs considered six parameters with the following levels: sodium hydroxide concentration (8–16 M), Na2SiO3/NaOH molar ratio (1.5–3.0), RAP content (0–40%), alkaline liquid-to-binder (AL/B) ratio (0.35–0.55), binder content (280–380 kg/m3), and total aggregate content (1600–1900 kg/m3). The ternary binder system was composed of fly ash (FA, 60–70%), ground granulated blast furnace slag (GBFS, 20–30%), and metakaolin (MK, 10–15%). Optimum RAP content of 25–30% achieved 35–42 MPa (mean ± SD: 38.5 ± 2.3 MPa) compressive strengths that were 85–95% that of the control mix, while conferring high sustainability gains. ML models exhibited superior performance compared to statistical models with the Random Forest model providing R2 = 0.961 and RMSE = 2.14 MPa for compressive strength (CS), flexural strength (FS), and split tensile strength (STS) prediction. The most important influential parameters were binder content (28.3%) and NaOH concentration (22.1%). The developed second-order polynomial models showed excellent correlation for all three responses (R2 > 0.94). Pareto-optimal solutions for the DLGC mixes were identified for both economical and high strength application, with optimum mixes attaining 36.4 MPa strength at 0.85 cost index and 41.8 MPa for high strength use. DLGC mixes displayed high durability performance with 1200–1400 coulombs of chloride penetration, 3.2–4.1% water absorption, and 95% freeze–thaw durability factor. The life cycle assessment of DLGC mixes revealed 45% lower CO2 emissions than conventional concrete and 25–30% lower maintenance costs over a 25-year service life. © The Author(s) 2025.",FA-slag;metakaolin/clay;recycled-aggregate,multi-objective-optimization,I,waste-valorization;durability;cost;carbon;LCA,recommendation/decision-support,Y,N,N,N,N,N,N,N,"Richest E row in the batch: RAP 0-40% quantified, chloride/freeze-thaw/absorption quantified, cost index, 45% lower CO2, and an explicit LCA over 25-year service life. Pareto-optimal solutions across strength and cost -> multi-objective-optimization. Box-Behnken DOE is fixed, not sequential, so not experiment-selection. mean +/- SD is experimental scatter, not model uncertainty -> N."
RC21,2-s2.0-85217662054,10.1016/j.isprsjprs.2025.02.004,2025,ISPRS Journal of Photogrammetry and Remote Sensing,M3ICNet: A cross-modal resolution preserving building damage detection method with optical and SAR remote sensing imagery and two heterogeneous image disaster datasets,"Building damage detection based on optical and SAR remote sensing imagery can mitigate the adverse effects of weather, climate, and nighttime imaging. However, under emergency conditions, inherent limitations such as satellite availability, sensor swath width, and data sensitivity make it challenging to unify the resolution of optical and SAR imagery covering the same area. Additionally, optical imagery with varying resolutions is generally more abundant than SAR imagery. Most existing research employs resampling to resize bi-temporal images before subsequent analysis. However, this practice often disrupts the original data structure and can distort the spectral reflectance characteristics or scattering intensity of damaged building targets in the images. Furthermore, the one-to-one use of optical-SAR imagery fails to leverage the richness of optical imagery resources for detection tasks. Currently, there is a scarcity of optical-SAR image datasets specifically tailored for building damage detection purposes. To capitalize on the quantitative and resolution advantages of optical images and effectively extract SAR image features while preserving the original data structure, we engineered M3ICNet—a multimodal, multiresolution, multilevel information interaction and convergence network. M3ICNet accepts inputs in cross-modal and cross-resolution formats, accommodating three types of optical-SAR-optical images with resolutions doubling incrementally. This design effectively incorporates optical imagery at two scales while maintaining the structural integrity of SAR imagery. The network operates horizontally and vertically, achieving multiscale resolution preservation and feature fusion alongside deep feature mining. Its parallelized feature interaction module refines the coherent representation of optical and SAR data features comprehensively. It accomplishes this by learning the dependencies across different scales through feature contraction and diffusion. Relying on the network's innovative structure and core components, M3ICNet extracts consistent damage information between optical-SAR heterogeneous imagery and detects damaged buildings effectively. We gathered optical-SAR-optical remote sensing imagery from natural disasters (such as the Turkey earthquake) and man-made disasters (such as the Russian-Ukrainian conflict) to create two multimodal building damage detection datasets (WBD and EBD). Extensive comparative experiments were conducted using these two datasets, along with six publicly available optical-SAR datasets, employing ten supervised and unsupervised methods. The results indicate that M3ICNet achieves the highest average detection accuracy (F1-score) of nearly 80% on the damaged building dataset, outperforming other comparative methods on public datasets. Furthermore, it strikes a balance between accuracy and efficiency. © 2025 International Society for Photogrammetry and Remote Sensing, Inc. (ISPRS)",,,,,,,,,,,,,,"*** OUT OF SCOPE *** Cross-modal optical/SAR remote-sensing building damage detection. No geopolymer, AAM or cementitious material anywhere. Screening false positive (likely a 'damage/durability + deep learning' keyword hit). Left blank so it cannot contaminate kappa; recommend exclusion."
RC22,2-s2.0-105020022090,10.3390/buildings15203661,2025,Buildings,Interpretation of Dominant Features Governing Compressive Strength in One-Part Geopolymer,"One-part geopolymers (OPG) offer a low-carbon alternative to Portland cement, yet mix design remains largely empirical. This study couples machine learning with SHAP (Shapley Additive Explanations) to quantify how mix and curing factors govern performance in Ca-containing OPG. We trained six regressors—Random Forest, ExtraTrees, SVR, Ridge, KNN, and XGBoost—on a compiled dataset and selected XGBoost as the primary model based on prediction accuracy. Models were built separately for four targets: compressive strength at 3, 7, 14, and 28 days. SHAP analysis reveals four dominant variables across targets—Slag, Na2O, Ms, and the water-to-binder ratio (w/b)—while the sand-to-binder ratio (s/b), temperature, and humidity are secondary within the tested ranges. Strength evolution follows a reaction–densification logic: at 3 days, Slag dominates as Ca accelerates C–(N)–A–S–H formation; at 7–14 days, Na2O leads as alkalinity/soluble silicate controls dissolution–gelation; by 28 days, Slag and Na2O jointly set the strength ceiling, with w/b continuously regulating porosity. Interactions are strongest for Slag × Na2O (Ca–alkalinity synergy). These results provide actionable guidance: prioritize Slag and Na2O while controlling w/b for strength. The XGBoost+SHAP workflow offers transparent, data-driven decision support for OPG mix optimization and can be extended with broader datasets and formal validation to enhance generalization. © 2025 by the authors.",one-part;slag,prediction,II,none-explicit,recommendation/decision-support,Y,N,N,N,N,N,Y,N,"Na2O and Ms (silicate modulus) as input features -> II. SHAP outputs explicitly checked against reaction chemistry (Ca -> C-(N)-A-S-H at 3 d, alkalinity-driven dissolution at 7-14 d) -> physical_consistency Y. Authors state formal validation is still outstanding -> external_validation N."
RC23,2-s2.0-105039390331,10.1680/jstbu.25.00036,2025,Proceedings of the Institution of Civil Engineers: Structures and Buildings,Optimising sustainable alkali-activated mortar: experimental work and machine learning predictions,"This pioneering research involved an in-depth experimental evaluation of the mechanical properties of ambient-cured alkali-activated mortar (AAM), while assessing an innovative machine learning (ML) driven solution for sustainable construction. A comprehensive dataset was used, comprising 635 compressive strength and 94 flexural strength data points, including data from previous studies. The performance of six ML algorithms in predicting the compressive and flexural strengths of AAM was evaluated. Hyperparameter optimisation was performed with Optuna and ten-fold cross-validation. Multi-objective optimisation aimed to maximise compressive strength while minimising the carbon dioxide footprint. The findings highlight the significant impact of ground granulated blast-furnace slag (GGBS) content on strength, with higher GGBS improving compressive and flexural strengths but reducing workability. The highest compressive strength was 56.28 MPa at 28 days, for the AAM with 100% GGBS. The highest flexural strength was 0.580 MPa at 28 days, with 75% GGBS. Extreme gradient boosting was found to be the most reliable model in predicting the compressive strength, achieving a coefficient of determination ((Formula presented)) of 98.1% on training data and 86.8% on testing data. Extra tree regression showed high accuracy in predicting the flexural strength of the AAM, achieving (Formula presented)= 90% on the testing dataset. A user-friendly interface was developed for predicting the mechanical properties of AAMs. © 2025 Emerald Publishing Limited: All rights reserved",slag,multi-objective-optimization,I,carbon,recommendation/decision-support,N,N,N,N,N,N,N,N,"Explicit MOO: maximise CS while minimising CO2 footprint, so CO2 must be quantified as an objective -> carbon. GUI delivered -> decision-support. GGBS effect reported without any named attribution method -> explainability N (borderline)."
RC24,2-s2.0-85097015376,10.3390/ma13235490,2020,Materials,Engineering properties of waste sawdust-based lightweight alkali-activated concrete: Experimental assessment and numerical prediction,"Alkali activated concretes have emerged as a prospective alternative to conventional concrete wherein diverse waste materials have been converted as valuable spin-offs. This paper presents a wide experimental study on the sustainability of employing waste sawdust as a fine/coarse aggregate replacement incorporating fly ash (FA) and granulated blast furnace slag (GBFS) to make high-performance cement-free lightweight concretes. Waste sawdust was replaced with aggregate at 0, 25, 50, 75, and 100 vol% incorporating alkali binder, including 70% FA and 30% GBFS. The blend was activated using a low sodium hydroxide concentration (2 M). The acoustic, thermal, and predicted engineering properties of concretes were evaluated, and the life cycle of various mixtures were calculated to investigate the sustainability of concrete. Besides this, by using the available experimental test database, an optimized Artificial Neural Network (ANN) was developed to estimate the mechanical properties of the designed alkali-activated mortar mixes depending on each sawdust volume percentage. Based on the findings, it was found that the sound absorption and reduction in thermal conductivity were enhanced with increasing sawdust contents. The compressive strengths of the specimens were found to be influenced by the sawdust content and the strength dropped from 65 to 48 MPa with the corresponding increase in the sawdust levels from 0% up to 100%. The results also showed that the emissions of carbon dioxide, energy utilization, and outlay tended to drop with an increase in the amount of sawdust and show more the lightweight concrete to be more sustainable for construction applications. © 2020 by the authors. Licensee MDPI, Basel, Switzerland.",FA-slag,prediction,I,waste-valorization;cost;carbon;LCA,lab-prediction,N,N,N,N,N,N,N,N,"70% FA + 30% GBFS binder. Sawdust is a waste aggregate replacement quantified 0-100 vol%, and life cycle was explicitly calculated with CO2, energy and outlay -> four E tags. ANN is a secondary component of a mostly experimental paper."
RC25,2-s2.0-85140995923,10.1016/j.conbuildmat.2022.129600,2022,Construction and Building Materials,Prediction of compressive strength of alkali-activated construction demolition waste geopolymers using ensemble machine learning,"This paper mainly employed the random forest (RF), gradient boosting (GB) and extreme gradient boosting (XGB) to predict the compressive strength of alkali-activated construction demolition waste geopolymers (CDWG). The performances of three ensemble machine learning (ML) models were evaluated and the effects of eight different input features on the compressive strength of CDWG were deeply analyzed. The results confirm the applicability of RF, GB and XGB algorithms in aspect of strength prediction for the CDWG with the high predictive accuracy (R2 > 0.9). Among them, the performances of GB and XGB models are better than RF model. The liquid to solid ratio (L/S) has a negative correlation with the compressive strength of CDWG, while the pretreatment temperature, heat treatment time and curing age have a positive correlation with the compressive strength of CDWG. The obvious enhancement of compressive strength of CDWG mainly occurs in the early age. Decreasing L/S and raising pretreatment temperature have a significant positive gain on the compressive strength of CDWG. In the preparation process of CDWG, it is suggested that the L/S and %Na2O of Na2SiO3-based alkaline activators are controlled at about 0.3 and 7 % respectively, and appropriately increasing pretreatment temperature and prolonging heat treatment time. © 2022 Elsevier Ltd",recycled-aggregate,prediction,II,waste-valorization,recommendation/decision-support,Y,N,N,N,N,N,N,N,"Construction-and-demolition-waste precursor -> recycled-aggregate (no CDW-precursor category exists). %Na2O of the activator used as an input feature -> II. Concrete process set-points recommended (L/S ~0.3, %Na2O ~7%) -> decision-support. Feature-effect analysis of eight inputs -> explainability Y."
RC26,2-s2.0-85195414042,10.1007/s13369-024-09102-6,2025,Arabian Journal for Science and Engineering,Ultrasonic Pulse Velocity and Mechanical and Physical Properties of Structural Geopolymer Concrete Containing Lightweight Expanded Clay Aggregates: Experimental and Computational Study,"In the present study, the influence of adding lightweight expanded clay aggregate (LECA) and natural zeolite (NZ) on the geopolymer concrete (GPC) based on ground-granulated blast furnace slag (GGBS) was investigated in terms of density, water absorption, compressive and splitting tensile strengths, and ultrasonic pulse velocity (UPV) at ambient temperature. Two sizes of LECA as the replacement of course and fine aggregates ranging from 0 to 100% were used in order to examine their suitability to produce lightweight GPC (LWGPC). NZ was utilized as a binder in the GPC with up to 15% replacement of GGBS. Test results indicated that the density of GPC decreased and water absorption value was increased with higher LECA percentage, and this behaviour is observed for NZ addition with less intensity. Compressive strength of the lightweight GPC is extremely decreased from 5 to 20% by incorporation of NZ in place of GGBS. Results indicated that LWGPC with 100% LECA compared with the specimens without LECA can effectively decrease the tensile strength by about 50% and the reduction for NZ addition is approximately 15%. The experimental results show that the variation in splitting tensile strength, compressive strength, and UPV of LWGPC is significantly influenced by binder content. A machine learning-based model was created for the mixtures produced within the scope of the experimental study and equations generated from M5p model tree that represents a strong correlation between the actual and predicted values for splitting tensile and compressive strengths with more than 99% of accuracy. © King Fahd University of Petroleum & Minerals 2024.",slag,prediction,I,none-explicit,lab-prediction,N,N,N,N,N,N,N,N,"GGBS-based GPC with LECA aggregate and natural zeolite. M5P produces explicit equations, but transparent model form is not in the guide's explainability list (SHAP/PDP/importance) -> N, flag. Water absorption reported as a physical property, not framed as durability -> none-explicit (borderline)."
RC27,2-s2.0-85175522591,10.1016/j.mtcomm.2023.107485,2023,Materials Today Communications,Influence of chemical constituents of binder and activator in predicting compressive strength of fly ash-based geopolymer concrete using firefly-optimized hybrid ensemble machine learning model,"This study focuses on investigating the impact of chemical constituents in binders and activators on the prediction of strength, particularly proposing a novel hybrid ensemble model that synergizes the strengths of three base models optimized using the Firefly Algorithm. The primary objective is to enhance the accuracy of predicting the compressive strength (CS) of fly ash-based (FA) geopolymer concrete (GPC). The dataset employed encompasses comprehensive material and chemical information, facilitating a predictive approach linking factors to strength. Rigorous preprocessing techniques are employed to eliminate outliers and ensure data integrity. Multivariate analyses are executed to visually represent the dataset's structure. The development of the hybrid ensemble model is realized through a stacking strategy, integrating the predictive capabilities of individual models. Thorough evaluation using diverse statistical metrics validates the superiority of the hybrid model compared to standalone base models, underscoring its enhanced precision in CS prediction for FA-based GPC. Sobol and FAST global sensitivity analysis was also employed to find the influence of input parameters on strength. Extra water content and curing temperature with Sobol indices of 67.2% and 42.5%, and FAST indices of 65.2% and 45% were found to be the most sensitive parameters of the studied database. Among the chemical constituents of binders and activators, the SiO2 content and CaO content of FA exhibited greater sensitivity, impacting the CS. On the other hand, the Na2O, Al2O3, and Fe2O3 content of fly ash and the SiO2 and Na2O percentage of sodium silicate were found to have a relatively lower impact. © 2023",fly-ash,prediction,II,none-explicit,lab-prediction,Y,N,N,Y,N,N,N,N,"Clearest type II in the batch: SiO2, CaO, Na2O, Al2O3, Fe2O3 of the FA and the silicate all used as input features. Sobol + FAST global sensitivity analysis scored as BOTH explainability (importance) and robustness (sensitivity test) - flag if the codebook intends these to be mutually exclusive."
RC28,2-s2.0-85208988908,10.1109/TGRS.2024.3494257,2024,IEEE Transactions on Geoscience and Remote Sensing,A Weakly Supervised Bitemporal Scene Change Detection Approach for Pixel-Level Building Damage Assessment Using Pre-and Post-Disaster High-Resolution Remote Sensing Images,"Sudden-onset natural disasters, such as destructive earthquakes, pose significant threats to human life and property. The use of high-resolution remote sensing (HRRS) images for automated assessment of building damage can rapidly and accurately provide spatial distribution information and statistical data on building damage, assisting in disaster response and relief efforts. However, the task is exceedingly challenging due to the diverse and intricate appearance of damaged buildings in HRRS images, coupled with interference from surrounding areas that exhibit certain damage characteristics as a result of the disaster. To overcome these issues, this article proposes a weakly supervised building damage assessment method based on scene change detection in pre-and post-disaster bitemporal images. This method fully leverages visual information of building boundaries and deeper semantic information of building scenes from pre-disaster images to guide the identification of building damage in post-disaster images. Specifically, the method first generates fine-grained subbuilding objects with detailed boundaries from pre-disaster images by combining semantic segmentation of buildings with superpixel segmentation. Then, bitemporal image scene blocks obtained using sub-building objects as clues are input into our proposed Siamese local-global visual transformer (SLgViT) network, enabling scene change detection guided by deep semantic information from pre-disaster images. Finally, the change detection results serve as the basis to depict pixel-level building damage in post-disaster images. The proposed SLgViT network is primarily composed of a specially designed local-global visual transformer (LgViT) module and a cross-Siamese interaction fusion (CSIF) module, both of which play a crucial role in the deep mining and integrated interaction of local and global semantic features from pre-and post-disaster images. It is noteworthy that our method operates in a weakly supervised manner. The training of the SLgViT network requires only scene patches centered around building objects from pre-and post-disaster bitemporal images, along with image-level annotations. Experiments conducted with satellite images from the 2010 Port-au-Prince, Haiti earthquake and unmanned aerial vehicle (UAV) images from the 2019 Changning, China earthquake have demonstrated the effectiveness and superior performance of the proposed method.  © 1980-2012 IEEE.",,,,,,,,,,,,,,*** OUT OF SCOPE *** Weakly supervised change detection on pre/post-disaster satellite and UAV imagery. No geopolymer or AAM content. Second remote-sensing false positive after RC21; recommend exclusion.
RC29,2-s2.0-105041418910,10.3390/ma19112235,2026,Materials,Predicting Mechanical Strength of Alkali-Activated High-Performance Concrete Using Machine-Learning Methods,"The growing demand for concrete poses a significant environmental challenge, but alkali-activated high-performance concrete (AA-HPC) offers a more sustainable alternative by potentially reducing carbon emissions and ecological harm. This study explores the latest developments in machine learning (ML) applications aimed at predicting the compressive strength of AA-HPC, with a focus on minimizing experimental expenses, construction duration, and environmental impact. Among nine evaluated ML models, the combination of extreme gradient boosting (XGBoost) with the African vultures optimization algorithm (AVOA) emerged as the most effective. AVOA proved highly efficient in optimizing model parameters, achieving the lowest root mean square error (RMSE) during hyperparameter tuning. On the training dataset, XGB-AVOA reached an R2 of 0.994 and an RMSE of 2.368, while on the testing dataset, it maintained superior performance with an R2 of 0.975 and an RMSE of 5.664. These findings highlight AVOA’s strength in fine-tuning XGBoost compared to alternative optimizers such as grey wolf optimizer (GWO), whale optimization algorithm (WOA), social spider optimization (SSO), and gorilla troops optimizer (GTO). To support practical implementation, a graphical user interface (GUI) has also been developed, allowing researchers to efficiently utilize the XGB-AVOA model for accurate, cost-effective, and time-saving predictions in laboratory environments. © 2026 by the authors.",mixed/other-AAM,prediction,I,none-explicit,recommendation/decision-support,N,N,N,N,N,N,N,N,"Precursor never named for AA-HPC. AVOA/GWO/WOA/SSO/GTO are hyperparameter optimisers, not an optimization task -> prediction. GUI delivered, though authors scope it to laboratory use -> decision-support (borderline vs lab-prediction)."
RC30,2-s2.0-105044539843,10.1007/s12289-026-02054-2,2026,International Journal of Material Forming,Reliability-aware compressive-strength prediction and inverse mix design of fly ash–GGBFS geopolymer concrete via conformal prediction,"This study develops a reliability-aware machine-learning framework for compressive-strength prediction and inverse mix design of fly ash–GGBFS geopolymer concrete using a structured database of 672 specimens. Eight raw mix and curing variables were used after removing constant dosage-related columns. Thirteen regression models were first screened using 10-fold cross-validation, and the top models were further tuned using Bayesian optimisation. To move beyond point prediction, split conformal prediction, K-fold residual conformal prediction, and jackknife-after-bootstrap intervals were evaluated at 95%, 90%, and 80% confidence levels. GradientBoost achieved the highest cross-validated accuracy and was retained for residual diagnostics, Mondrian conformal analysis, convergent interpretability, and inverse design. LightGBM achieved the lowest held-out test error and, when paired with K-fold residual conformal prediction, provided the recommended 90% reliability-aware prediction configuration, with PICP = 0.9703, MPIW = 1.186 MPa, and ES = 0.9739. Nearest-neighbour applicability-domain analysis showed that the high R² values mainly reflect dense interpolation within the structured FA–GGBFS experimental envelope rather than unrestricted extrapolation. SHAP, Morris, and PAWN analyses consistently identified curing time, recycled aggregate content, and aggregate composition as influential variables. Finally, local adaptive conformal thresholds were coupled with NSGA-II to identify six deduplicated strength–uncertainty design regions. The framework is useful for in-envelope reliability-aware screening of FA–GGBFS mixes, while transfer to new geopolymer chemistries requires external validation and recalibration. © The Author(s), under exclusive licence to Springer-Verlag France SAS, part of Springer Nature 2026.",FA-slag;recycled-aggregate,inverse-design,I,none-explicit,recommendation/decision-support,Y,Y,Y,Y,Y,N,N,N,Strongest methodological record in the sample. Conformal prediction + jackknife-after-bootstrap -> uncertainty Y; PICP 0.9703 vs nominal 90% -> calibration Y; Morris and PAWN -> robustness Y; nearest-neighbour applicability-domain analysis explicitly distinguishing interpolation from extrapolation -> OOD Y. Authors state external validation and recalibration are NOT yet done -> external_validation N. Inverse design wins over NSGA-II MOO on the priority order.
RC31,2-s2.0-85141866607,10.3390/buildings12111792,2022,Buildings,Predicting the Geopolymerization Process of Fly-Ash-Based Geopolymer Using Machine Learning,"The process of geopolymerization affects the freshness and hardening properties of fly ash base polymer. The prediction of geological polymerization parameters, such as DPT, DPH, GPT, and GPH, is very important for the mixing optimization of FA base polymer. In this study, machine learning models such as backpropagation neural network, support vector regression, random forest, K-nearest neighbor, logistic regression, and multiple linear regression were used to predict the above geological polymerization parameters and explain the influence of composition on the geological polymerization of FA base polymer. Results show that RF was the most stable ML model and had the best predictive performance on the test sets of GPT, GPH, DPT, and DPH, with correlation coefficients of 0.88, 0.95, 0.92, and 0.95, respectively. The variable importance and sensitivity were analyzed by SHapley Additive exPlanations. Results indicate that temperature is the most significant input variable affecting the DPT, DPH, and GPH with SHAP values of 0.09, 4.83, and 1.03, respectively. For GPT, the SHAP value of temperature is 6.89, slightly lower than that of LFR (6.95); yet it is a still significantly important input variable. The mole ratio and alkaline solution concentration were also important and negatively contributed to DPT and DPH, respectively. Besides, both GPT and GPH were sensitive to the mass ratio of liquid-to-fly ash which can promote the geopolymerization extent and shorten the geopolymerization time at a small content. The results of this study pave the way for automatic mixture optimization of FA-based geopolymers. © 2022 by the authors.",fly-ash,prediction,I,none-explicit,lab-prediction,Y,N,N,N,N,N,N,N,"Targets are geopolymerisation process parameters (DPT/DPH/GPT/GPH) rather than strength. SHAP reported with numeric values -> explainability Y. 'Mole ratio' left unspecified so ambiguity resolves DOWN to I. 'Paves the way for automatic mixture optimization' is future work, not a stage reached."
RC32,2-s2.0-105025104609,10.5755/j02.ms.39657,2025,Medziagotyra,Palm Shell Ash-based Geopolymer Mortar Innovation as a Sustainable Construction Solution,"This study examines the potential use of palm shell ash, a byproduct of Indonesia's palm oil industry, as an environmentally sustainable alternative to cement in geopolymer mortar. The primary objective is to improve environmental sustainability by decreasing CO2 emissions in the construction industry. The study utilizes an alkaline solution of sodium hydroxide (NaOH) and sodium silicate (Na2SiO3), along with silica fume and a superplasticizer, to assess the influence of palm shell ash on the mechanical, physical, and chemical properties of geopolymer mortar. Fourier Transform Infrared Spectroscopy (FTIR) to analyze functional group compounds, Scanning Electron Microscopy (SEM) for microstructure examination, and X-ray diffraction (XRD) to identify crystal phases. The work uses machine learning techniques to compare actual compressive strength with predicted values, aiming to enhance the accuracy of strength predictions. Initial findings suggest that using palm shell ash into geopolymer mortar improves mechanical performance and reduces reliance on conventional cement. This underscores the potential of palm shell ash as a sustainable material in the construction sector, contributing to environmental conservation and resource preservation. © Yusra et al. 2025 Open Access.",biomass-ash,prediction,I,none-explicit,lab-prediction,N,N,N,N,N,N,N,N,"Palm shell ash (palm oil industry byproduct) -> biomass-ash. Abstract contains no numbers at all - CO2 reduction and sustainability asserted only, so E = none-explicit despite heavy sustainability framing. ML mentioned only as 'compare actual with predicted'; model family never named."
RC33,2-s2.0-105044676586,10.1038/s41598-026-52618-0,2026,Scientific Reports,Performance evaluation of fly-ash and silica-fume based geopolymer concrete at different alkaline molarities with machine learning-based strength prediction,"The high environmental impact of conventional Portland cement has driven the need for sustainable alternative binders with improved performance characteristics. Geopolymer concrete (GPC), particularly using industrial by-products such as fly ash and silica fume, has emerged as a promising solution; however, the influence of alkaline activator molarity on its combined mechanical and durability performance remains insufficiently understood. This study investigates the effect of sodium hydroxide molarity (8 M–14 M) on fly ash–silica fume based geopolymer concrete under ambient curing conditions, aiming to establish relationships between activator concentration, microstructure, and performance. Experimental results show that increasing molarity significantly enhances performance up to an optimum level. The 12 M mix exhibited approximately 30–38% higher compressive strength, 23–28% higher split tensile strength, and 24–30% higher flexural strength compared to the 8 M mix. Durability performance also improved substantially, with sorptivity reduced by about 26–29% and rapid chloride permeability (RCP) reduced by 44–52%. Microstructural analysis confirmed the formation of a dense and homogeneous geopolymer gel matrix at optimum molarity, while excessive alkalinity led to localized microcracking. Statistical analysis validated the significance of molarity effects, and machine learning models achieved high predictive accuracy (R² > 0.95). Overall, this study provides an integrated experimental–statistical–data-driven framework for optimizing geopolymer concrete, contributing to the development of sustainable and high-performance cementitious materials. © The Author(s) 2026.",fly-ash,prediction,I,durability,lab-prediction,N,N,N,N,N,N,N,N,"FA + silica fume, NaOH 8-14 M. Sorptivity (-26-29%) and RCP (-44-52%) quantified -> durability. Optimum molarity found experimentally, not by the model -> prediction, lab-prediction. Microstructural analysis explains behaviour but is not used to check model outputs -> physical_consistency N."
RC34,2-s2.0-85208659397,10.1016/j.jobe.2024.111248,2024,Journal of Building Engineering,Integrating data imputation and augmentation with interpretable machine learning for efficient strength prediction of fly ash-based alkali-activated concretes,"Fly ash-based alkali-activated concrete (AAC) is renowned for its superior mechanical performance and sustainability, presenting an attractive alternative to traditional Portland cement concrete. Despite these advantages, the broad compositional range of AACs presents challenges in precisely tailoring material properties. In this context, machine learning (ML) offers promising prospects to streamline and fast-track the development of advanced materials design strategies by predicting mechanical properties from compositional variations. Effective ML model development, however, hinges on the availability of a comprehensive, high-quality dataset. Previous studies often relied on literature-derived datasets, which typically include outliers, noise, and missing values, potentially leading to biased predictions. Moreover, limited dataset sizes could undermine the robustness of the models. Traditional ML methods applied to AACs also tend to lack interpretability. To address these issues, this paper utilizes several data imputation methods and Generative Adversarial Networks (GANs) for data augmentation, effectively doubling the dataset size. Following this, ML algorithms such as Random Forest (RF), Extreme Gradient Boosting (XGBoost), and Neural Networks (NNs) are leveraged to predict compressive strength. The NN model, especially when enhanced by k-nearest neighbors (kNN) imputation (k = 5), demonstrated superior predictive accuracy compared to RF and XGBoost models. Further, SHAP (SHapley Additive exPlanations) analysis reveals key determinants of compressive strength, such as water content, SiO2, and curing conditions. Visualizations such as SHAP violin and river flow plots further elucidated feature contributions and property distributions. Overall, this study provides a robust framework for exploring composition-strength relationships in AACs, advancing the design of these environment-friendly materials. © 2024 Elsevier Ltd",fly-ash,prediction,II,none-explicit,lab-prediction,Y,N,N,N,N,N,N,N,"SiO2 identified among key SHAP determinants -> oxide quantities are input features -> II. GAN augmentation and kNN imputation are data-side interventions, not physics. Discussion of 'robustness' concerns dataset size, with no perturbation test -> robustness N."
RC35,2-s2.0-85176317599,10.1007/s11595-023-2796-z,2023,"Journal Wuhan University of Technology, Materials Science Edition",Influence of Na2SiO3/NaOH Ratio on Calcined Magnesium Silicate Based Geopolymer—Experimental and Predictive Study,"This study aims to investigate the behavior of alkali activated mortar, which is made of naturally available magnesium silicate as source material. For magnesium silicate, ultrafine natural steatite powder (UFNSP) is used as the primary source of binder, and the activation is initiated through the alkali liquid which is proportioned in various combinations of silicate to hydroxide ratio (Na2SiO3/NaOH) ratio, and this ratio in this study varies from 1 to 3. The UFNSP is calcined at two different temperatures, 700 and 1 000 °C. The mortar mix is proportioned as 1:3 between powder and the fine aggregate, and the mortar is prepared with hydroxide molarity (M) of 10 M. The mortar is cured for 48 hours at 60 °C and the compressive strength was studied. All the mix were studied for its microstructural behavior along with compressive strength. The mix proportion of the mortar, and the results obtained through microstructural characterization were combinedly formed as input for artificial neural network(ANN) predictive modelling. The model is designed to predict the compressive strength, which is trained through Bayesian regularization algorithm with varying hidden neurons of 7 to 10. This experimental and predictive study shows that the strength is influenced by both Na2SiO3/NaOH ratio and calcination process. And the ANN is influenced by mainly calcination temperature and uncorrelation occurs in selected samples of 1 000 °C calcined UFNSP mix. © 2023, Wuhan University of Technology and Springer-Verlag GmbH Germany, Part of Springer Nature.",mixed/other-AAM,prediction,II,none-explicit,lab-prediction,N,N,N,N,N,N,N,N,"Calcined magnesium silicate (ultrafine natural steatite) has no listed category -> mixed/other-AAM; arguably metakaolin/clay-adjacent, flag. Microstructural characterisation results fed in as ANN inputs alongside mix proportions -> chemistry quantities as features -> II (could be argued III if the codebook counts characterisation-derived descriptors as knowledge-based feature construction)."
RC36,2-s2.0-105008974012,10.3390/buildings15122081,2025,Buildings,AI-Driven Optimization of Fly Ash-Based Geopolymer Concrete for Sustainable High Strength and CO2 Reduction: An Application of Hybrid Taguchi–Grey–ANN Approach,"The construction industry urgently requires sustainable alternatives to conventional concrete to reduce its environmental impact. This study addresses this challenge by developing machine learning-optimized geopolymer concrete (GPC) using industrial waste fly ash as cement replacement. An integrated Taguchi–Grey relational analysis (GRA) and artificial neural network (ANN) approach was developed to simultaneously optimize mechanical properties and environmental performance. The methodology analyzes over 1000 data points from 83 studies to identify key mix parameters including fly ash content, NaOH/Na2SiO3 ratio, and curing conditions. Results indicate that the optimized FA-GPC formulation achieves a 78% reduction in CO2 emissions, decreasing from 252.09 kg/m3 (GRC rank 1) to 55.0 kg/m3, while maintaining a compressive strength of 90.9 MPa. The ANN model demonstrates strong predictive capability, with R2 > 0.95 for strength and environmental impact. Life cycle assessment reveals potential savings of 3941 tons of CO2 over 20 years for projects using 1000 m3 annually. This research provides a data-driven framework for sustainable concrete design, offering practical mix design guidelines and demonstrating the viability of fly ash-based GPC as high-performance, low-carbon construction material. © 2025 by the authors.",fly-ash,multi-objective-optimization,I,waste-valorization;carbon;LCA,recommendation/decision-support,Y,N,N,N,N,N,N,N,"Taguchi-GRA simultaneously optimises mechanical and environmental responses -> MOO. CO2 quantified (252.09 -> 55.0 kg/m3, 78% cut) plus an explicit LCA (3941 t CO2 over 20 years). Taguchi/GRA factor ranking counted as importance-type explainability - flag, since the guide names only SHAP/PDP/importance."
RC37,2-s2.0-84872902676,10.1016/j.ceramint.2012.08.070,2013,Ceramics International,Predicting compressive strength of different geopolymers by artificial neural networks,"In the present study, six different models based on artificial neural networks have been developed to predict the compressive strength of different types of geopolymers. The differences between the models were in the number of neurons in hidden layers and in the method of finalizing the models. Seven independent input parameters that cover the curing time, Ca(OH)2 content, the amount of superplasticizer, NaOH concentration, mold type, geopolymer type and H2O/Na2O molar ratio were considered. For each set of these input variables, the compressive strength of geopolymers was obtained. A total number of 399 input-target pairs were collected from the literature, randomly divided into 279, 60 and 60 data and were trained, validated and tested, respectively. The best performance model was obtained through a network with two hidden layers and absolute fraction of variance of 0.9916, the absolute percentage error of 2.2102 and the root mean square error of 1.4867 in training phase. Additionally, the entire trained, validated and tested network showed a strong potential for predicting the compressive strength of geopolymers with a reasonable performance in the considered range. © 2012 Elsevier Ltd and Techna Group S.r.l.",mixed/other-AAM,prediction,II,none-explicit,lab-prediction,N,N,N,N,N,N,N,N,"'Different types of geopolymers' with geopolymer type itself as an input -> mixed/other-AAM. H2O/Na2O molar ratio and Ca(OH)2 content as inputs -> II. Oldest record in the sample (2013); no interpretability or uncertainty machinery, as expected for the period."
RC38,2-s2.0-105026298059,10.1038/s41598-025-28690-3,2025,Scientific Reports,Multi-scale theoretical modeling with molecular simulation framework for fly ash-based high-performance concrete,"Fly ash-based concrete models are currently largely empirical or homogenized and do not reflect the inherent properties of the materials, namely amorphous-crystalline heterogeneity, reactive interface dynamics, and defect evolution. Thus, the study leads to the advent of a complete multi-scale theoretical framework consisting of five unique approaches across structural and molecular scales. First and foremost, Hybrid Multiphase Microstructure Descriptor Modeling (HMMDM) reconstructs realistic 3D digital twins employing micro-CT, SEM/EDS, and PSD data for porosity prediction improvement by up to 15% by capturing interfacial topology. Second, the Quantum-Corrected Machine-Learned Interatomic Potential Mapping (QML IPM) develops system-specific force fields by coupling DFT data and Gaussian Approximation Potentials, reducing RMS force errors from 0.31 to 0.09 eV/Å, as well as improving the prediction of reactivity index by 22%. Third, the Topological Reaction Pathway Network Modeling (TRPNM) enables time-strength prediction with an error below 7% without being confined to the dynamics of graphs algorithms for modeling hydration and geopolymerization kinetics. Fourth, Fractal Defect Evolution Analysis using Molecular Simulation (FDEAMS) simulates stress induced crack development according to fractal mechanics, and an increase in tensile failure zone prediction capability by 20% is achieved. Finally, Dynamic Multi-Scale Simulation Coupling with Feedback Optimization (DMSCF) bridges a nano- and macro-scale design through iterative coupling of MD and FEM simulations, achieving real-time stiffness updates with a process lag of < 4% during analysis. The present study offers integrated approaches that would give unprecedented predictive fidelity on fly ash concrete and allow for optimal designs. © The Author(s) 2025.",fly-ash,microstructure/image-analysis,V,none-explicit,lab-prediction,N,N,N,N,N,N,Y,N,"Only type V in the batch: DFT-informed Gaussian Approximation Potentials, MD, and MD-FEM coupling genuinely combine mechanistic simulation with ML. T is contestable - HMMDM reconstructs 3D digital twins from micro-CT/SEM-EDS, so microstructure/image-analysis outranks prediction on the priority list, though 'optimal designs' is claimed but never demonstrated. Force fields validated against DFT reference (RMS 0.31 -> 0.09 eV/A) -> physical_consistency Y."
RC39,2-s2.0-85198398698,10.3390/ma17133141,2024,Materials,Efficient Compressive Strength Prediction of Alkali-Activated Waste Materials Using Machine Learning,"This study explores the integration of machine learning (ML) techniques to predict and optimize the compressive strength of alkali-activated materials (AAMs) sourced from four industrial waste streams: blast furnace slag, fly ash, reducing slag, and waste glass. Aimed at mitigating the labor-intensive trial-and-error method in AAM formulation, ML models can predict the compressive strength and then streamline the mixture compositions. By leveraging a dataset of only 42 samples, the Random Forest (RF) model underwent fivefold cross-validation to ensure reliability. Despite challenges posed by the limited datasets, meticulous data processing steps facilitated the identification of pivotal features that influence compressive strength. Substantial enhancement in predicting compressive strength was achieved with the RF model, improving the model accuracy from 0.05 to 0.62. Experimental validation further confirmed the ML model’s efficacy, as the formulations ultimately achieved the desired strength threshold, with a significant 59.65% improvement over the initial experiments. Additionally, the fact that the recommended formulations using ML methods only required about 5 min underscores the transformative potential of ML in reshaping AAM design paradigms and expediting the development process. © 2024 by the authors.",FA-slag;mixed/other-AAM,inverse-design,I,waste-valorization,recommendation/decision-support,Y,N,N,N,N,Y,N,N,"Four waste streams: BFS, FA, reducing slag, waste glass (last two -> mixed/other-AAM). ML-recommended formulations then tested in the lab and hitting the target threshold -> external_validation Y. T flagged: accuracy rising 0.05 -> 0.62 with new experiments hints at a sequential loop, but neither 'active' nor 'sequential learning' appears, so coded inverse-design rather than experiment-selection."
RC40,2-s2.0-85105259171,10.1016/j.asej.2021.03.018,2021,Ain Shams Engineering Journal,Sustainable use of fly-ash: Use of gene-expression programming (GEP) and multi-expression programming (MEP) for forecasting the compressive strength geopolymer concrete,"Annually, the thermal coal industries produce billion tons of fly-ash (FA) as a waste by-product. Which has been proficiently used for the manufacture of FA based geopolymer concrete (FGC). To accelerate the usage of FA in building industry, an innovative machine learning techniques namely gene expression programming (GEP) and multi expression programming (MEP) are employed for forecasting the compressive strength of FGC. The comprehensive database is constructed comprising of 311 compressive strength results. The obtained equations relate the compressive strength of FGC with eight most effective parameters i.e., curing regime (T), time for curing (t) in hours, age of samples (A) in days, percentage of total aggregate by volume (% Ag), molarity of sodium hydroxide (NaOH) solution (M), silica (SiO2) solids percentage in sodium silicate (Na2SiO3) solution (%S), superplasticizer (%P) and extra water (%EW) as percent FA. The accurateness and predictive capacity of both GEP and MEP model is assessed via statistical checks, external validation criteria suggested by different researcher and then compared with linear regression (LR) and non-linear regression (NLR) models. In comparison with MEP equation, the GEP equation has lesser statistical error and higher correlation coefficient. Also, the GEP equation is short and it would be easy to use in the field. So, the GEP model is further utilized for sensitivity and parametric study. This research will increase the re-usage of hazardous FA in the development of green concrete that would leads to environmental safety and monetarist reliefs. © 2021",fly-ash,prediction,II,waste-valorization,lab-prediction,Y,N,N,Y,N,N,N,N,"*** LIKELY DISAGREEMENT POINT *** the abstract's 'external validation criteria suggested by different researcher' is the Golbraikh-Tropsha style statistical criteria computed on the held-out split, NOT independent-source data -> external_validation coded N. SiO2 solids % of the silicate as an input -> II. Sensitivity + parametric study -> explainability Y and robustness Y."
RC41,2-s2.0-105044605134,10.1016/j.conbuildmat.2026.147430,2026,Construction and Building Materials,"Bacillus megaterium-incorporated GGBS geopolymer mortar: Explainable ensemble machine learning, multi-objective optimization, and probabilistic reliability assessment","The incorporation of bacterial agents into geopolymer systems offers a sustainable pathway to enhance mechanical performance and self-healing capability; however, identifying optimal material configurations remains challenging due to nonlinear interactions among bacterial concentration, dosage, and curing conditions. This study developed an integrated experimental-explainable machine learning-optimization-reliability framework for the intelligent design of Bacillus megaterium -based geopolymer mortar. A 146-sample experimental database was constructed across four curing environments and three bacterial dosage levels to simultaneously model compressive and flexural responses. The configuration of 10⁵ spores/mL with 5% dosage under wet-dry curing achieved a mean compressive strength of 56.67 MPa (∼35.5% improvement over control), while the highest flexural strength, 5.91 MPa (∼20.6% enhancement), was recorded at 3% dosage under nutrient curing. FESEM, XRD, and FTIR analyses confirmed MICP-mediated CaCO₃ precipitation, with calcite and aragonite formations producing measurable matrix densification and crack closure up to 1.06 mm. Explainable ensemble models with Bayesian optimization identified XGB as the superior compressive predictor (external validation: R² = 0.9659, MAPE = 3.24%) and RF as the most stable flexural model, both confirmed under an independent 22-sample holdout partition. SHAP interpretation identified curing age and flowability as dominant governing variables, aligned directly with microstructural observations. NSGA II optimization converged on wet-dry curing, bacterial concentrations of ∼2.5–5.0 × 10⁴ spores/mL, flow of 171–172 mm, and curing ages of 19–26 days. Reliability assessment confirmed β = 5.01 (compressive) and 3.81 (flexural) at 5% COV, with the compressive index reaching β = 3 near 10% COV, underscoring the need for quality-controlled curing in field applications. © 2026 Elsevier Ltd.",slag,multi-objective-optimization,I,durability,recommendation/decision-support,Y,Y,N,Y,N,N,Y,N,"*** LIKELY DISAGREEMENT POINT *** authors label a 22-sample holdout from the same 146-sample database 'external validation'; by the guide's definition (independent of training source) that is an internal split -> external_validation N. Probabilistic reliability (beta = 5.01 / 3.81, behaviour tracked across COV levels) -> uncertainty Y and robustness Y. SHAP aligned with FESEM/XRD/FTIR observations -> physical_consistency Y. MICP crack closure to 1.06 mm -> durability."
RC42,SD257,,2026,Case Studies in Thermal Engineering,Experimental and machine learning-based analysis of encapsulated lauric acid in geopolymer composites for thermal energy storage,,mixed/other-AAM,prediction,I,none-explicit,lab-prediction,N,N,N,N,N,N,N,N,*** NO ABSTRACT IN THE WORKSHEET (also no DOI) *** coded from title alone: encapsulated lauric acid PCM in geopolymer composites for thermal energy storage. All codes are floor values and should be treated as low-confidence; recommend either supplying the abstract or excluding from kappa.
RC43,2-s2.0-84894075344,10.1061/(ASCE)MT.1943-5533.0000829,2014,Journal of Materials in Civil Engineering,Use of a neural network to predict strength and optimum compositions of natural alumina-silica-based geopolymers,"In order to predict compressive strength of geopolymers prepared from alumina-silica natural products, based on the effect of Al2O3=SiO2, Na2O=Al2O3, Na2O=H2O, and Na/[Na + K], more than 50 pieces of data were gathered from the literature. The data was utilized to train and test a multilayer artificial neural network (ANN). Therefore a multilayer feedforward network was designed with chemical compositions of alumina silicate and alkali activators as inputs and compressive strength as output. In this study, a feedforward network with various numbers of hidden layers and neurons were tested to select the optimum network architecture. The developed three-layer neural network simulator model used the feedforward back propagation architecture, demonstrated its ability in training the given input/output patterns. The cross-validation data was used to show the validity and high prediction accuracy of the network. This leads to the optimum chemical composition and the best paste can be made from activated alumina-silica natural products using alkaline hydroxide, and alkaline silicate. The research results are in agreement with mechanism of geopolymerization. © 2014 American Society of Civil Engineers.",mixed/other-AAM,optimization,II,none-explicit,recommendation/decision-support,N,N,N,N,N,N,Y,N,"Inputs are pure oxide ratios (Al2O3/SiO2, Na2O/Al2O3, Na2O/H2O, Na/[Na+K]) -> textbook II. Network searched for the optimum composition maximising strength -> optimization (single objective), not inverse-design. 'Results are in agreement with the mechanism of geopolymerization' -> physical_consistency Y."
RC44,2-s2.0-85132901934,10.3390/polym14122509,2022,Polymers,Assessment of Artificial Intelligence Strategies to Estimate the Strength of Geopolymer Composites and Influence of Input Parameters,"Geopolymers might be the superlative alternative to conventional cement because it is produced from aluminosilicate-rich waste sources to eliminate the issues associated with its manufacture and use. Geopolymer composites (GPCs) are gaining popularity, and their research is expanding. However, casting, curing, and testing specimens requires significant effort, price, and time. For research to be efficient, it is essential to apply novel approaches to the said objective. In this study, compressive strength (CS) of GPCs was anticipated using machine learning (ML) approaches, i.e., one single method (support vector machine (SVM)) and two ensembled algorithms (gradient boosting (GB) and extreme gradient boosting (XGB)). All models’ validity and comparability were tested using the coefficient of determination (R2), statistical tests, and k-fold analysis. In addition, a model-independent post hoc approach known as SHapley Additive exPlanations (SHAP) was employed to investigate the impact of input factors on the CS of GPCs. In predicting the CS of GPCs, it was observed that ensembled ML strategies performed better than the single ML technique. The R2 for the SVM, GB, and XGB models were 0.98, 0.97, and 0.93, respectively. The lowered error values of the models, including mean absolute and root mean square errors, further verified the enhanced precision of the ensembled ML approaches. The SHAP analysis revealed a stronger positive correlation between GGBS and GPC′ s CS. The effects of NaOH molarity, NaOH, and Na2SiO3 were also observed as more positive. Fly ash and gravel size: 10/20 mm have both beneficial and negative impacts on the GPC′ s CS. Raising the concentration of these ingredients enhances the CS, whereas increasing the concentration of GPC reduces it. Gravel size: 4/10 mm has less favorable and more negative effects. ML techniques will benefit the construction sector by offering rapid and cost-efficient solutions for assessing material characteristics. © 2022 by the authors. Licensee MDPI, Basel, Switzerland.",FA-slag,prediction,I,none-explicit,lab-prediction,Y,N,N,N,N,N,N,N,"SHAP covers GGBS, fly ash, NaOH molarity, Na2SiO3 and gravel size -> FA-slag. Inputs are mix quantities, not oxide chemistry -> I. 'Aluminosilicate-rich waste sources' is generic framing, waste content never a studied variable -> none-explicit."
RC45,2-s2.0-85020443380,10.1016/j.ceramint.2015.06.037,2015,Ceramics International,"Modelling of compressive strength of geopolymer paste, mortar and concrete by optimized support vector machine","To date, many artificial intelligence-based techniques have been conducted to predict compressive strength of concrete specimens. However, modified models by metaheuristic optimization algorithms to present approaches with higher performance may be of special interest. In this work, support vector machine (SVM) is utilized to predict compressive strength of geopolymers, cement-free eco-friendly construction materials. Parameters of SVM are sometimes hard to be found especially in the case of complex models. Therefore, task of finding these parameters was followed by five different well-known optimization algorithms including genetic algorithm (GA), particle swarm optimization algorithm (PSOA), ant colony optimization algorithm (ACOA), artificial bee colony optimization algorithm (ABCOA) and imperialist competitive algorithm (ICOA). Results of these five hybrid models were compared by a model using just SVM, and other traditional artificial intelligence techniques namely artificial neural networks (ANNs) and adaptive neuro-fuzzy interfacial systems (ANFIS). A total number of 1347 data were collected from the literature for modelling. It was suggested that hybrid models can be appropriately used for modelling of compressive strength of geopolymer paste, mortar and concrete specimens. By evaluating the proposed models through their coefficient of determination and errors, it was concluded that ICOA and GA are more suitable to optimize parameters of SVM for predicting compressive strength of the considered geopolymers. Additionally, ANN model was remained as one of the simplest approaches which can be used with reasonable accuracy for the problem of this paper. © 2015 Elsevier Ltd and Techna Group S.r.l.",mixed/other-AAM,prediction,I,none-explicit,lab-prediction,N,N,N,N,N,N,N,N,"Five metaheuristics (GA, PSO, ACO, ABC, ICA) all used for SVM hyperparameter selection, not for material optimization -> prediction. Pooled paste/mortar/concrete database from literature; precursor never specified."
RC46,2-s2.0-85214706029,10.1016/j.cscm.2025.e04203,2025,Case Studies in Construction Materials,Application of machine learning models for the optimisation of compressive strength and water resistance of geopolymer stabilised compacted earth,"Earthen materials are attracting the interest of the public due to its sustainable properties. However, in several regions, especially in tropical zones, the water resistance is usually a barrier for the wide application of earthen materials. This paper presents an investigation on geopolymer stabilised compacted earth (GSCE). Influences of different parameters on the unconfined compressive strength (UCS) and the water resistance of GSCE have been analysed by machine learning models. First, the experiments were presented. The variations in Na2SiO3/NaOH ratios, curing temperatures, curing durations, specimens immersed in different water types, the number of wetting-drying cycles, and the corresponding UCS obtained were presented. Then, the machine learning models were applied, including different techniques: extremely gradient boosting (XGBoost), random forest, adaptive boosting, gradient boosting regression tree. The results showed that XGBoost demonstrated the highest performance, with the highest accuracy in UCS prediction. Partial Dependence Plots (PDPs) were also employed to visualize the impact of each input on UCS. The most impacting parameter observed was the curing temperature. The methodologies applied in this study (geopolymer stabilisation and optimization by machine learning) can also be applied for other types of earth, or for other earth construction techniques. © 2025 The Authors",stabilized-soil,prediction,I,durability,lab-prediction,Y,N,N,N,N,N,N,N,"Title claims 'optimisation' but the abstract only demonstrates prediction plus PDP interpretation, no optimisation algorithm -> prediction (flag). Water resistance under immersion and wetting-drying cycles is a studied durability property -> durability."
RC47,2-s2.0-105003190803,10.1016/j.asoc.2025.113149,2025,Applied Soft Computing,Development and optimization of geopolymer concrete with compressive strength prediction using particle swarm-optimized extreme gradient boosting,"This study presents an experimental investigation of the workability and strength behavior of eco-friendly binary geopolymer concrete (GPC) containing ground granulated blast furnace slag (GGBS) and sugarcane bagasse ash (SBA). Initially, this study optimizes binder content (GGBS) in GGBS-based GPC by utilizing the Taguchi method by examining various variables, including alkaline activator-to-binder ratio (AAS/B), sodium hydroxide molarity (M), sodium silicate-to-sodium hydroxide ratio (SS/SH). After optimizing the binder (GGBS) content, SBA is incorporated to formulate a binary GPC by partially replacing GGBS with SBA at substitution levels of 0 %, 5 %, 10 %, 15 %, and 20 %. The effects of varying the AAS/B, M, and SS/SH ratios at different SBA additions on the workability and compressive strength of binary GPC were analyzed. Split and flexural strength were tested on optimized binary GPC samples with varying SBA replacement levels. Moreover, machine learning prediction models using the XGBoost and hyperparameter-optimized XGBoost using particle swarm optimization (PSO) were developed to predict the 28th day compressive strength of binary GPC. Finally, the cost efficiency of binary GPC at different SBA replacement levels was determined. The experimental findings demonstrate that an AAS/B ratio of 0.6, an SS/SH ratio of 2.5, and a sodium hydroxide molarity of 12 M provide an optimal balance between workability and compressive strength. Furthermore, the binary GPC incorporating GGBS and SBA demonstrated compressive strengths ranging from 57 to 79 MPa after curing for 28 days at ambient temperature. This study suggests that 15 % SBA was the optimal replacement level in GGBS-based GPC without significantly compromising its mechanical properties. The prediction outcomes demonstrate that the PSO-XGBoost model is highly effective in predicting binary GPC compressive strength, with an R² value of 0.97. According to the SHAP (Shapley Additive exPlanations) study, the compressive strength of binary GPC was substantially impacted by the quantities of GGBS and SBA. © 2025 Elsevier B.V.",slag;biomass-ash,optimization,I,waste-valorization;cost,recommendation/decision-support,Y,N,N,N,N,N,N,N,GGBS + sugarcane bagasse ash. Taguchi optimisation of binder and activator parameters is a real optimization step (PSO is only hyperparameter tuning). SBA substitution quantified 0-20% and cost efficiency computed per level -> waste-valorization + cost. 15% SBA recommended as optimal -> decision-support. Workability/strength 'balance' could be read as MOO - flag.
RC48,2-s2.0-105024334482,10.1016/j.dibe.2025.100820,2025,Developments in the Built Environment,Integrating obsidian and silica fume in geopolymer mortars: Strength prediction via meta-ensemble machine learning framework,"Renowned for its durability and structural strength, concrete revives to lead global construction as the material of choice. However, the carbon-intensive nature of cement production demands the pursuit of greener, more sustainable alternatives. Geopolymer mortars derived from industrial by-products like obsidian (OB) and silica fume (SF) offer a sustainable alternative to conventional binders, but accurately assessing their behavior under diverse curing regimes remains a significant challenge. Furthermore, although there are many studies on machine learning (ML) methods and different types of geopolymer in the literature, there is no comprehensive study on predicting the compressive strength of geopolymers containing OB (90–100 %) and SF (0–10 %) using ML-based methods. This study therefore aims to address this gap by predicting the compressive strength of a dataset consisting of 150 data points created by varying the OB and SF ratios. The current research offers a robust ML framework for strength prediction of geopolymer mortars featuring OB and SF additives. Five popular ML techniques covering Gaussian Process Regression, Extremely Randomized Trees, Extreme Gradient Boosting, Bagging, and Decision Tree were tested both individually and in combination through a hybrid meta-model. The combined model delivered the best results, reaching an R2 of 0.979, outperforming the standalone models, which scored between 0.87 and 0.963. The principal factors such as the proportions of OB and SF, curing temperature, and curing duration were examined using Feature Importance and Permutation Feature Importance analyses, with ANOVA confirming their relevance. K-fold cross-validation verified model's robustness, demonstrating ensemble ML methods substantially improve the precision and reliability of strength predictions for geopolymer mortars. These findings advance the design of sustainable construction materials while contributing to reduced carbon emissions in the building industry. © 2025 The Authors.",mixed/other-AAM,prediction,I,none-explicit,lab-prediction,Y,N,N,N,N,N,N,N,"Obsidian (natural volcanic glass) has no listed category -> mixed/other-AAM. Permutation feature importance coded as explainability only, NOT robustness, to keep robustness reserved for explicitly labelled sensitivity/perturbation analyses (cf. RC27, RC40) - flag if the codebook intends permutation tests to count. K-fold CV is not a robustness test."
RC49,2-s2.0-105018854308,10.1016/j.ijhydene.2025.151815,2025,International Journal of Hydrogen Energy,Boosting biohydrogen yield from cheese whey through machine learning optimization of supplement-aَssisted dark fermentation,"This study investigates enhancement of biohydrogen (bio-H2) production from dark fermentation (DF) of cheese whey using optimization techniques such as response surface methodology–central composite design (RSM-CCD) and machine learning (ML) approach that combines random forest with genetic algorithm (RF-GA). The addition of fly ash (FA), biochar (BC), and geopolymer (GP) was optimized by varying FA concentration (FAC), total supplement concentration (SC), supplement particle size (SPS), and pH. Both the methodologies determined 66.66 % of FAC and 0.2 mm SPS as the optimum with RSM-CCD proposing SC = 14 g/L and pH = 7.10, while RF-GA recommended SC = 10 g/L and pH = 7.50. Notwithstanding these disparities, both the methodologies significantly enhanced bio-H2 yield relative to supplemented and unoptimized conditions, achieving 285.61 ml H2/g VS added (RSM-CCD) and 307.66 ml H2/g VS added (RF-GA). Moreover, the use of BC and GP decreased the fermentation duration from 72 to 48 h. Enhanced supplementing procedures yielded improved regulation of electrical conductivity (EC) and pH, sustaining a modest EC increase and stable pH values favorable to H2-producing bacteria, while limiting the conditions that promote methanogenesis. © 2025 Hydrogen Energy Publications LLC",fly-ash;mixed/other-AAM,optimization,I,waste-valorization,process-optimization,N,N,N,N,N,N,N,N,"*** SCOPE BORDERLINE *** dark-fermentation biohydrogen from cheese whey; fly ash, biochar and geopolymer appear only as fermentation supplements, not as a binder under development. Recommend flagging for scope review. If retained: RF-GA optimises process conditions and fermentation time drops 72 h -> 48 h -> process-optimization."
RC50,2-s2.0-85205739249,10.1016/j.mtcomm.2024.110602,2024,Materials Today Communications,Computational intelligence for modeling the rheological properties of the developed hydrated lime-based alkali-activated materials,"The development of alkali-activated materials (AAMs) has gained attention as a sustainable alternative to Portland cement-based concrete. A key factor in AAM performance is its rheological behavior, which influences workability and pumpability. Accurate prediction of these properties is vital for optimizing mix design. This study introduces a computational framework using ensemble and non-ensemble machine learning (ML) techniques to model the yield stress (YS) and plastic viscosity (PV) of AAMs. A comprehensive dataset from previous experiments was used to train models, including artificial neural networks (ANN), gene expression programming (GEP), decision tree, random forest, adaptive boosting, and gradient boosting. The models achieved R² values exceeding 0.95 and correlation coefficients above 0.97. Error metrics, such as MAPE, MAE, MSE, and RMSE, further validated the models’ generalizability. A parametric analysis showed that a 20 % increase in hydrated lime (HL) content raised YS by 350 Pa, which is similar to the effect of varying fly ash (FA) from 60 % to 100 %. A 40 % increase in FA and HL content increased PV by 4 Pa.s and 25 Pa.s, respectively. A 3 % rise in sodium silicate led to a 400 Pa increase in YS, while a similar increase in sodium hydroxide raised YS by 170 Pa and PV by 15 Pa·s. Overall, this study provides an effective tool for optimizing AAM mix designs by accurately predicting rheological properties and quantifying the impact of key parameters, contributing to the advancement of sustainable cementitious materials in construction. © 2024 Elsevier Ltd",fly-ash;mixed/other-AAM,prediction,I,none-explicit,lab-prediction,Y,N,N,Y,N,N,N,N,"Hydrated lime-based AAM with FA 60-100%; rheological targets (yield stress, plastic viscosity) rather than strength. Quantified parametric analysis (e.g. +20% HL -> +350 Pa YS) -> explainability Y and robustness Y, consistent with the RC40 convention for explicit parametric/sensitivity studies."
RC51,2-s2.0-85088112518,10.21660/2020.74.72565,2020,International Journal of GEOMATE,A neural network approach for predicting hardened property of geopolymer concrete,"This paper presents the application of an Artificial Neural Network (ANN) approach to predict the 28-day compression strength of Geopolymer concrete (GPC) from the input ingredients. A total of 190 test samples collected from previously published were employed for training and validating the ANN model. Additionally, a test project was also implemented to collect the experimental data for verifying the prediction ability of the ANN model. Different learning algorithms were investigated to obtain the optimal algorithm for the GPC data. Results from the study revealed that the ANN model using the ""trainlm"" learning algorithm provided the best prediction results. The average prediction error about 8 MPa was found for the unseen data set. Besides, the effects of changing input variables to the output of the model were also explored by conducting the sensitivity analysis. It was shown that the 28-day GPC compression strength was more sensitive to the change of coarse aggregate (CoAg) and sodium silicate (Na2SiO3) variables. © Int. J. of GEOMATE.",mixed/other-AAM,prediction,I,none-explicit,lab-prediction,Y,N,N,Y,N,Y,N,N,"Rare genuine external validation: model trained on 190 literature samples, then a separate test project was run to collect fresh experimental data for verification -> external_validation Y. Explicit sensitivity analysis -> explainability Y and robustness Y."
RC52,2-s2.0-85217164696,10.22075/jrce.2023.30282.1831,2024,Journal of Rehabilitation in Civil Engineering,Effect of Molarity of Sodium Hydroxide on the Strength Behavior of Fiber-Reinforced Geopolymer Concrete Exposed to Elevated Temperature,"Ordinary concrete production is highly energy intensive and caused to greenhouse gas emission responsible for global warming. Geopolymer mixtures are the eco-friendly alternative for to protect the CO2 emission in concrete industry. In this study, the post-fire behavior of fiber reinforced geopolymer concrete (FRGPC) was investigated based on molarity changing approach. To do so, supplementary cementitious materials such as fly ash, metakaolin and zeolite are used to provide binary and ternary FRGPC mixtures. For this aim, FRGPC exposed to elevated temperature at the 200, 500, 800 °C. In addition, three molarity (12, 14, 16) of solution is studied for better strength performance. The result of this study presented that the ratio of the post-fire residual strength of the sample of Z10MK20 increased by 8.1% at 200 °C, 14.1% at 500 °C, and decreased by 5.2% at 800 °C. The 28-day sample resistance, with 20% replacement of metakaolin, was measured at 45.8 MPa after adding fibers (2% constant volume of 1-3% polypropylene fibers). Also, with increasing the molarity of FRGPC mixtures from 12 to 16, the heat resistance behavior in FRGPC had an increase about 6%. Increasing the volume of polypropylene (PP) fibers up to 3% by volume did not have much effect on the heat resistance behavior of FRGPC. Beside, post-fire strength of FRGPC was predicted using artificial neural network (ANN) and support vector machines (SVM) with the integration of water cycle algorithm (WCA). Based on the coefficient of determination obtained in the training and testing stages, ANN-WCA model had an acceptable performance in predicting the post-fire residual strength of FRGPC. Additionally, the sensitivity analysis manifested that the molarity of the FRGPC mixtures and the exposed temperature had the greatest effect and PP fibers had the least effect on post-fire residual strength of FRGPC. © 2024 The Authors. Journal of Rehabilitation in Civil Engineering published by Semnan University Press.",fly-ash;metakaolin/clay,prediction,I,durability,lab-prediction,Y,N,N,Y,N,N,N,N,"FA + metakaolin + zeolite binary/ternary blends. Post-fire residual strength at 200/500/800 C quantified -> coded durability, though elevated-temperature resistance sits at the edge of that tag - flag. WCA only tunes the ANN/SVM. Sensitivity analysis -> explainability Y and robustness Y."
RC53,2-s2.0-85106372743,10.1155/2021/6662347,2021,Advances in Civil Engineering,A New Artificial Neural Network Model for the Prediction of the Effect of Molar Ratios on Compressive Strength of Fly Ash-Slag Geopolymer Mortar,"Geopolymers are inorganic polymers produced by the alkali activation of alumina-silicate minerals. Geopolymer is an alternative cementitious binder to traditional Ordinary Portland Cement (OPC) leading to economical and sustainable construction technique by the utilisation of alumina-silicate waste materials. The strength development in fly ash-slag geopolymer mortar is dependent on the chemical composition of the raw materials. An effective way to study the effect of chemical components in geopolymer is through the evaluation of molar ratios. In this study, an Artificial Neural Network (ANN) model has been applied to predict the effect of molar ratios on the 28-day compressive strength of fly ash-slag geopolymer mortar. For this purpose, geopolymer mortar samples were prepared with different fly ash-slag composition, activator concentration, and alkaline solution ratios. The molar ratios of the geopolymer mortar samples were evaluated and given as input to ANN, and the compressive strength was obtained as the output. The accuracy of the assessed model was investigated by statistical parameters; the mean, median, and mode values of the ratio between actual and predicted strength are equal to 0.991, 0.973, and 0.991, respectively, with a 14% coefficient of variation and a correlation coefficient of 89%. Based on the mentioned findings, the proposed novel model seems reliable enough and could be used for the prediction of compressive strength of fly ash-slag geopolymer. In addition, the influence of molar compositions on the compressive strength was further investigated through parametric studies utilizing the proposed model. The percentages of Na2O and SiO2 of the source materials were observed as the dominant chemical compounds in the mix affecting the compressive strength. The influence of CaO was significant when combined with a high amount of SiO2 in alkaline solution. © 2021 Shaise K. John et al.",FA-slag,prediction,II,none-explicit,lab-prediction,Y,N,N,Y,N,N,N,N,"Molar ratios are the explicit subject: Na2O, SiO2 and CaO percentages of the source materials are the inputs -> II. Parametric study run through the trained model -> explainability Y and robustness Y. The 14% CoV describes actual/predicted scatter, not a predictive interval -> uncertainty N."
RC54,2-s2.0-105024210294,10.1038/s41598-025-27361-7,2025,Scientific Reports,AI-based modeling of CO2 footprint in geopolymer concrete production containing GGBFS as a by-product from the iron industry,"This study investigates the CO2 footprint (CF) of geopolymer concrete (GPC) produced using ground granulated blast-furnace slag (GGBFS), an industrial by-product and alternative to ordinary Portland cement. Given the diversity of influential variables and the necessity for repeated testing due to changing materials and conditions, an artificial intelligence (AI)-based framework is considered an effective strategy to diminish reliance on experimental work. A novel hybrid model combining artificial neural network and biogeography-based optimization (ANN-BBO) is developed to predict the CF associated with GGBFS-based GPC production. The model incorporates 25 key variables related to precursor content and its chemical composition, activator content and characteristics, aggregate content, mix design, and curing conditions. Through rigorous evaluation using statistical metrics, error histograms, and k-fold cross-validation, the proposed ANN-BBO model demonstrated high accuracy, with 89% of its predictions falling within a 5% error margin compared to 62% for the single ANN, indicating a 27% improvement in prediction accuracy. Sensitivity analysis enhanced interpretability by identifying the superplasticizer and coarse aggregate as the key positive and negative contributors to the CF, while also suggesting that 400 kg/m3 of GGBFS is the ideal content for maximizing compressive strength and minimizing carbon emissions in GGBFS-based GPC production. © The Author(s) 2025.",slag,prediction,II,waste-valorization;carbon,recommendation/decision-support,Y,N,N,Y,N,N,N,N,"Unusual target: the model predicts CO2 footprint itself, not strength -> carbon (quantified as the modelled response). GGBFS framed throughout as an iron-industry by-product -> waste-valorization. 25 inputs include precursor chemical composition -> II. Recommends 400 kg/m3 GGBFS, but via sensitivity analysis rather than a formal MOO -> prediction, not multi-objective-optimization (flag)."
RC55,2-s2.0-85198097710,10.1016/j.conbuildmat.2024.137322,2024,Construction and Building Materials,Evaluation and prediction of slag-based geopolymer's compressive strength using design of experiment (DOE) approach and artificial neural network (ANN) algorithms,"Even though the demand for utilizing geopolymers is growing, the need for current standard guidelines to regulate compliance to address the complexity of the mix design could be one of the major hurdles of utilizing geopolymers vastly in construction. There is no straightforward standard that addresses the complexity of the mix design of geopolymers. Thus, this work addresses main factors affecting the compressive strength of slag based geopolymers and provide a tool for predicting it. This article includes experimental work to evaluate the properties of slag-based geopolymer binders and the development of a model using Artificial Neural Network (ANN) algorithms for predicting the performance of these slag-based geopolymer binders. In this paper, we have utilized and developed ANN models for optimizing slag-based geopolymer mixes based on precursor materials' physiochemical properties and activation solutions constituents that can enhance performance compressive strength prediction in construction applications. © 2024",slag,prediction,II,none-explicit,lab-prediction,N,N,N,N,N,N,N,N,Abstract claims ANN models 'for optimizing' slag-based mixes but demonstrates only prediction -> prediction (flag). Inputs are precursor physiochemical properties and activator constituents -> II. Unusually vague abstract with no reported metrics.
RC56,2-s2.0-105045397005,,2026,Indian Concrete Journal,UNCERTAINTY QUANTIFICATION AND SENSITIVITY ANALYSIS OF GEOPOLYMER MORTAR COMPRESSIVE STRENGTH USING STATISTICAL AND MACHINE LEARNING METHODS,,mixed/other-AAM,prediction,I,none-explicit,lab-prediction,N,Y,N,Y,N,N,N,N,"*** NO ABSTRACT IN THE WORKSHEET *** coded from title alone. The title names uncertainty quantification and sensitivity analysis as the paper's methods, so those two flags are set to Y; explainability left N because no attribution result is reported anywhere. Low confidence - recommend supplying the abstract or excluding from kappa."
RC57,2-s2.0-85130593446,10.1016/j.cscm.2022.e01166,2022,Case Studies in Construction Materials,Prediction of the drying shrinkage of alkali-activated materials using artificial neural networks,"Alkali-activated materials (AAMs) are qualitatively and quantitatively evaluated with an emphasis on the ultimate drying shrinkage. We systematically evaluated AAMs based on the mix design and curing conditions, utilizing a total of 452 AAM mixtures extracted from 44 papers. Finally, a predictive model for the ultimate drying shrinkage of AAMs was constructed using an artificial neural network (ANN) with high accuracy, in which the reactivity of binder, geopolymer paste volume, liquid-to-binder ratio, alkali activator modulus, aggregate volumetric ratio, curing temperature, relative humidity and specimen size were set as inputs. This model shows great generality by compiling various AAM mixtures and is easy-handling without preparation of samples for acquiring specific properties. Moreover, the efficiency of three commonly used models for predicting the drying shrinkage—the Bažant-Baweja model, Gardner and Lockman model, and multi-linear regression model—were evaluated and compared to the proposed ANN model, revealing a better prediction performance of ANN model. This study will advance the understanding of the drying shrinkage behaviors of AAMs and provide practical guidelines for designing AAM mixtures with high durability. © 2022 The Authors",mixed/other-AAM,prediction,II,durability,lab-prediction,N,N,N,N,N,N,N,N,"452 mixtures from 44 papers; target is ultimate drying shrinkage. Alkali activator modulus and binder reactivity as inputs -> II (binder reactivity could be argued as knowledge-based feature construction i.e. III; ambiguity resolved DOWN). Durability coded because the authors explicitly frame shrinkage control as durability design - NOTE this is the opposite call from RC14, where shrinkage carried no durability framing; the two should be harmonised at adjudication."
RC58,2-s2.0-85186632565,10.1007/s41939-023-00349-4,2024,"Multiscale and Multidisciplinary Modeling, Experiments and Design",Metaheuristic optimization of machine learning models for strength prediction of high-performance self-compacting alkali-activated slag concrete,"The present study focuses on producing high-performance eco-efficient alternatives to conventional cement-based composites. The study is divided into two parts. The first part comprises of production of high-strength self-compacting alkali-activated slag concrete (SC-AASC) with GGBFS as a primary binder. The second part deals with the development of a prediction model to estimate the mechanical strength of developed concrete. In this study, to achieve high-performance SC-AASC, the alkali activator solution content varied from 220 to 190 kg/m3, and the AAS/binder ratio varied between 0.47 and 0.36. The SP percentage fluctuated between 6 and 7%, while the additional water percentage was maintained between 21 and 24%. The approach used to obtain the high-performance SC-AASC was found to be competent as all the mix resulted in satisfactory performance for both fresh and hardened properties. For M45 graded SC-AASC, using 200 kg/m3 of AAS with an AAS/binder ratio of 0.39 resulted in higher strength, while for M60 grade, 190 kg/m3 of AAS with an AAS/binder ratio of 0.36 yielded stronger concrete. Additionally, a 6% SP and 24% extra water content enhanced workability for both M45 and M60 grade SC-AASC. A database of 135 observations was developed from the experimental study. The compressive strength and split tensile strength of SC-AASC were predicted using six machine-learning algorithms. The hyperparameters of all the models were optimized using the metaheuristic spotted hyena optimization technique. Optimized XGBoost outperformed other models scoring a higher R2 of 0.97 and lower value of error parameters on both datasets. A comparison was drawn with previously published models to check the efficacy of the developed model. The Sobol and FAST global sensitivity analysis resulted in the AAS/binder ratio, AAS content, GGBFS content, and Curing days being most influential regarding the strength of SC-AASC. © The Author(s), under exclusive licence to Springer Nature Switzerland AG 2024.",slag,prediction,I,none-explicit,lab-prediction,Y,N,N,Y,N,N,N,N,"Self-compacting alkali-activated slag concrete. Spotted hyena optimiser tunes hyperparameters only -> prediction. Sobol + FAST global sensitivity -> explainability Y and robustness Y (same call as RC27). Comparison with previously published models is benchmarking, not independent-source validation -> external_validation N."
RC59,SD236,,2026,Next Materials,ML driven classification and optimization of silica fume-polypropylene fiber induced geopolymer concrete using clustering and regression,,mixed/other-AAM,optimization,I,none-explicit,lab-prediction,N,N,N,N,N,N,N,N,"*** NO ABSTRACT IN THE WORKSHEET (also no DOI) *** coded from title alone. Title names both classification and optimization, and optimization outranks classification on the priority list -> optimization. All other codes are floor values; low confidence."
RC60,2-s2.0-105038428124,10.1016/j.jcsr.2026.110463,2026,Journal of Constructional Steel Research,"Compression performance of square concrete-filled steel tube columns with steel-fibre-reinforced geopolymer concrete: Experiment, simulation and machine-learning modelling","To promote the green and high-performance development of concrete-filled steel tube (CFST) structures, this study provides a comprehensive analysis of the axial compressive behaviour and local buckling-related failure of square steel tube columns filled with steel-fibre-reinforced geopolymer concrete (SFRGCFST). A total of 24 specimens are tested to examine the impact of various factors, including the concrete strength grade, the steel tube wall thickness, steel fibre volume fraction and aspect ratio. The results show that adding steel fibres alters the failure pattern of columns, transitioning from shear-type failure to drum-shaped local buckling. Substituting ordinary Portland cement (OPC) concrete with geopolymer concrete (GC) increases the ultimate bearing capacity by 27.9%, while significantly improving the post-peak deformation capacity. A finite-element (FE) model is established using ABAQUS, demonstrating satisfactory accuracy. This validated model is subsequently employed to elucidate the steel-concrete composite mechanism and conduct an extended parametric study. By combining the test and FE results, a database of 223 samples is compiled, on which four machine-learning (ML) models, including support vector regression (SVR), BP neural network, random forest (RF) and XGBoost, are developed and compared under a five-fold nested cross-validation framework. The results indicate that the XGBoost model achieves excellent prediction results, outperforming existing design equations. Subsequently, the Shapley Additive Explanations (SHAP) method is applied to interpret the predictions made by the XGBoost model, highlighting the dominant contributions of tube thickness, section width and steel yield strength to the axial capacity. Finally, a graphical user interface (GUI) is developed using the trained model, allowing for rapid and visual prediction of the axial capacity of SFRGCFST stub columns, which is provided as a supplementary tool for practical evaluation. © 2026 Elsevier Ltd.",mixed/other-AAM,prediction,V,none-explicit,recommendation/decision-support,Y,N,N,N,N,N,N,N,"Structural-scale record: square CFST stub columns filled with steel-fibre-reinforced GC. Coded V because a validated ABAQUS FE model is genuinely part of the modelling chain, generating most of the 223-sample training database - but the coupling is one-way (FE -> data), so a coder reading V as requiring runtime coupling would say I. Explicit flag for adjudication. SHAP -> explainability Y; GUI delivered -> decision-support."
RC61,2-s2.0-85202050990,10.1016/j.jclepro.2024.143463,2024,Journal of Cleaner Production,Ensemble machine learning models for predicting the CO2 footprint of GGBFS-based geopolymer concrete,"While geopolymer concrete (GPC) has gained popularity for its environmentally friendly attributes compared to ordinary Portland cement, the absence of a prediction model for the carbon footprint of its constituents presents challenges for optimization within the evolving concrete industry. This study offers a thorough CO2 footprint prediction for ground granulated blast-furnace slag (GGBFS)-based GPC, utilizing advanced AI techniques, including a combination of machine learning models and stacking ensembles. This research statistically examines crucial parameters responsible for CO2 emissions in GGBFS-based GPC production, identifying factors like superplasticizer content, initial curing temperature, and NaOH (dry) content as significant contributors. Emphasizing sustainability, the study advocates optimizing concrete mixtures by considering factors like the NaOH ratio to other activator materials. After rigorously evaluating 12 machine learning models, including ensemble techniques, this study identified M4—a stacking model of Support Vector Regression (SVR) and Neural Network (NN)—as weak models, and Decision Tree (DT) as a meta-model, as the most effective ensemble model for predicting CO2 footprints. The choice of M4 is supported by various performance metrics such as the lowest Mean Squared Error of 88.8 and Root Mean Squared Error of 9.42, alongside the highest R2, Adjusted R2, and Explained Variance scores, all approximately 0.95. Additional analyses, such as Euclidean distance and Taylor diagrams, further substantiate the selection of M4. The findings have practical implications for sustainable and cleaner concrete production, enabling businesses to optimize the CO2 footprint of GGBFS-based GPC. © 2024 The Authors",slag,prediction,I,carbon,recommendation/decision-support,Y,N,N,N,N,N,N,N,"Companion-style record to RC54 - target is again the CO2 footprint itself. GGBFS not framed as a by-product here, so waste-valorization NOT tagged (contrast RC54, where the title does frame it); harmonise the pair at adjudication. Key-contributor identification -> explainability Y, but no named sensitivity method -> robustness N."
RC62,2-s2.0-85128429477,10.3390/polym14071423,2022,Polymers,Prediction of the Compressive Strength of Fly Ash Geopolymer Concrete by an Optimised Neural Network Model,"This article presents a regression tool for predicting the compressive strength of fly ash (FA) geopolymer concrete based on a process of optimising the Matlab code of a feedforward layered neural network (FLNN). From the literature, 189 samples of different FA geopolymer concrete mix-designs were collected and analysed according to ten input variables (all relevant mix-design parameters) and the output variable (cylindrical compressive strength). The developed optimal FLNN model proved to be a powerful tool for predicting the compressive strength of FA geopolymer concrete with a small range of mean squared error (MSE = 10.4 and 15.0), a high correlation coefficient with the actual values (R = 96.0 and 97.5) and a relatively small root mean squared error (RMSE = 3.22 and 3.87 MPa) for the training and testing data, respectively. Based on the optimised model, a powerful design chart for determining the mix-design parameters of FA geopolymer concretes was generated. It is applicable for both one-and two-part geopolymer concretes, as it takes a wide range of mix-design parameters into account. The design chart (with its relatively small error) will ensure cost-and time-efficient geopolymer production in future applications. © 2022 by the authors. Licensee MDPI, Basel, Switzerland.",fly-ash;one-part,inverse-design,I,none-explicit,recommendation/decision-support,N,N,N,N,N,N,N,N,Model inverted into a design chart for determining mix-design parameters -> inverse-design outranks prediction on the priority list (flag: a coder reading the chart as a by-product of a prediction study would say prediction). Abstract states applicability to both one- and two-part geopolymer concretes -> one-part tagged. Cost/time efficiency claimed without numbers -> none-explicit.
RC63,2-s2.0-105007553818,10.1080/15440478.2025.2509123,2025,Journal of Natural Fibers,Hybrid Metaheuristic Optimized Random Forest Models for Predicting Compressive Strength of Alkali Activated Concrete,"This study explores the application of hybrid machine learning models for predicting the compressive strength (CS) of alkali-activated concrete (AAC), a sustainable substitute for traditional Portland cement concrete. A random forest (RF) model was optimized using six metaheuristic algorithms: differential evolution (DEA), human felicity algorithm (HFA), nuclear reaction optimization (NRO), lightning search algorithm (LSA), Harris hawks optimization (HHO), and tunicate swarm algorithm (TSA). Among these, the NRO-RF model achieved the highest performance with an R2 of 0.931, surpassing TSA-RF (0.918), HHO-RF (0.846), LSA-RF (0.828), HFA-RF (0.811), and DEA-RF (0.794). These hybrid models not only offered high predictive accuracy but also delivered stable and generalizable predictions across varied mix proportions, supporting more reliable AAC design and quality control. Interpretability techniques revealed that higher SiO₂/Na₂O ratios (S/N), sodium hydroxide (NaOH), and blast furnace slag ratio (BFSR) positively influenced CS, while excessive water (W), aggregate (Agg), and precursor content (PC) had negative effects. These insights provide practical guidance for optimizing mix designs. Additionally, a user-friendly graphical interface was developed to facilitate easy CS prediction, reducing reliance on physical testing and promoting efficient, data-driven decision-making in AAC development. © 2025 The Author(s). Published with license by Taylor & Francis Group, LLC.",slag,prediction,II,none-explicit,recommendation/decision-support,Y,N,N,N,N,N,N,N,"SiO2/Na2O ratio among the inputs -> II. Six metaheuristics tune RF hyperparameters only -> prediction. 'Stable and generalizable across varied mix proportions' is an unsupported assertion, no OOD test -> N. GUI delivered -> decision-support."
RC64,2-s2.0-85066251822,10.1007/s40996-019-00263-1,2020,Iranian Journal of Science and Technology - Transactions of Civil Engineering,A Novel Formulation for the Compressive Strength of IBP-Based Geopolymer Stabilized Clayey Soils Using ANN and GMDH-NN Approaches,"Applicability of geopolymer binder, as one of the environmentally friendly materials in geotechnical constructions, can be evaluated by the compressive strength. Due to the difficulties and time-consuming process of experimental studies, soft computing approaches would be considerable. Feasibility and the performance of the neural network-based group method of data handling (GMDH-NN) and artificial neural network (ANN) for unconfined compressive strength (UCS) prediction were investigated in this paper. Ground-granulated blast-furnace slag was used as geopolymer source material, and the alkali activator was sodium hydroxide solution. According to previous researches, soil plasticity index, ground-granulated blast-furnace slag percentage, the molar concentration of activator, activator-to-binder ratio, sodium-to-alumina atomic ratio and silicate-to-alumina atomic ratio were chosen as essential parameters for mechanical behavior of stabilized soil and consequently as the input parameters for the purpose of UCS prediction. The statistical results of this study showed that GMDH-NN and ANN are reliable approaches to be utilized for geopolymer stabilized soil UCS value prediction. Performances of these two methods for predicting unseen data were acceptable based on the coefficient of determination which is 0.9677 and 0.9741 for GMDH-NN and ANN techniques, respectively. Moreover, a novel direct formulation is provided employing a GMDH-NN method which can be used for ease of UCS calculation. © 2019, Shiraz University.",stabilized-soil,prediction,II,none-explicit,lab-prediction,N,N,N,N,N,N,N,N,"GGBFS-activated clayey soil. Sodium-to-alumina and silicate-to-alumina atomic ratios as inputs -> II. GMDH-NN yields a closed-form UCS formula; treated as a model deliverable, not a decision tool -> lab-prediction (same call as RC40, RC67)."
RC65,2-s2.0-105045152956,10.1371/journal.pone.0352645,2026,PloS one,Interpretable machine learning with Bayesian optimization for bond strength prediction of steel reinforcement in geopolymer concrete,"Accurate estimation of bond strength between steel reinforcement and geopolymer concrete is essential for the reliable design of sustainable reinforced concrete structures. However, the highly nonlinear interactions reduce the applicability and accuracy of conventional empirical models. This study proposes a Bayesian-optimized interpretable machine learning framework to predict the ultimate bond strength of reinforced geopolymer concrete using a comprehensive experimental database compiled from published studies. A dataset of 238 samples with 20 influential input variables was assembled to represent material properties, geopolymer chemistry, and specimen geometry. Six advanced machine learning algorithms, including Support Vector Regression (SVR), Random Forest (RF), Extra Trees Regressor (ETR), Gradient Boosting Machine (GBM), XGBoost, and CatBoost, were developed and systematically compared. Hyperparameter tuning was performed using Bayesian optimization to improve model performance. The results indicate that all models achieved strong predictive capability, while the optimized CatBoost model (BO-CatBoost) provided the best performance with testing metrics of R² = 0.950, MAE = 1.173, MAPE = 11.608%, and RMSE = 1.669. A comparative evaluation with existing empirical equations further demonstrated the superior accuracy and lower prediction variability of the proposed model. To enhance model transparency, SHAP-based explainability analysis was conducted to quantify the contribution of each input parameter. The global importance analysis revealed that compressive strength, the embedment length-to-bar diameter ratio, and the cover-to-bar diameter ratio are the most influential factors governing bond strength. Additional mixture-related parameters, including the alkaline solution-to-binder ratio, curing temperature, CaO content in the binder, and the SiO₂/Al₂O₃ ratio, also contribute to the bond mechanism by influencing geopolymerization and matrix densification. The proposed framework provides both high predictive accuracy and interpretable insights, demonstrating the potential of Bayesian-optimized interpretable machine learning to support the design and optimization of sustainable reinforced geopolymer concrete structures. Copyright: © 2026 Tran et al. This is an open access article distributed under the terms of the Creative Commons Attribution License, which permits unrestricted use, distribution, and reproduction in any medium, provided the original author and source are credited.",mixed/other-AAM,prediction,II,none-explicit,lab-prediction,Y,N,N,N,N,N,Y,N,"Target is steel-to-GPC bond strength rather than a material property. CaO content and SiO2/Al2O3 ratio among the 20 inputs -> II. SHAP contributions interpreted through geopolymerization and matrix densification -> physical_consistency Y (same call as RC09, RC22). Comparison against empirical bond equations is benchmarking -> external_validation N."
RC66,2-s2.0-85201153810,10.1061/JCCEE5.CPENG-5956,2024,Journal of Computing in Civil Engineering,Novel Optical-Inspired Rain Forest for the Explainable Prediction of Geopolymer Concrete Compressive Strength,"Geopolymer concrete (GPC) is an extraordinary material for promoting sustainable development in the construction industry and reducing environmental risk. However, material properties, such as compressive strength, are commonly determined using laboratory experiments, which are costly and time-consuming to run. Therefore, optical-inspired rain forest (ORF), a sophisticated predictive model, was developed to offer an alternative mathematical solution. The developed model uses a novel mechanism that grows an operation tree into multiple operation forests and employs an optical microscope algorithm to optimize the weight and forest topology. The experimental results indicate that the proposed model outperformed several other popular artificial intelligence approaches, achieving the highest evaluation criteria of RI=0.973 and RI=0.979, respectively, for training and testing data sets. Hence, ORF is recommended as a viable tool to assist material engineers to significantly increase the utilization of GPC in construction projects. © 2024 American Society of Civil Engineers.",mixed/other-AAM,prediction,I,none-explicit,lab-prediction,N,N,N,N,N,N,N,N,"*** TITLE/ABSTRACT MISMATCH *** the title advertises 'Explainable Prediction' but the abstract reports no SHAP, PDP, importance or any other attribution result - coded N per the instruction to code what the text supports. Likely disagreement point if the original coder read the title. No interface delivered -> lab-prediction."
RC67,2-s2.0-105001565717,10.1155/2024/7854488,2024,Advances in Civil Engineering,Synthesis of Sustainable OPC-Blended Geopolymer Concrete: Experimental and Modeling Study,"Geopolymer concrete (GPC) has been developed using supplementary cementitious materials to reduce the carbon footprint associated with conventional concrete production. This study aimed to explore the production and simultaneous modeling of the properties of GPC using fly ash (FA) as the primary binder and ordinary Portland cement (OPC) as a partial replacement. Mechanical tests revealed that replacing FA with up to 30% OPC resulted in a 28-day compressive strength (CS) of 33.52 MPa and a flexural strength (FS) of 15.21 MPa. X-ray diffraction (XRD) analysis indicated the formation of nepheline and albite, which are associated with sodium aluminosilicate hydrate gel, a primary strength giving product in GPC. Additionally, gene expression programming (GEP), an artificial intelligence technique, was employed to predict the mechanical properties utilizing the experimental data. The prediction models demonstrated high accuracy, with a correlation coefficient greater than 0.90. The study’s results provide valuable insights into the performance of OPC-blended FA-based GPC and propose easy-to-use empirical formulations for standard mix design and proportioning of alternative blended GPC, promoting the application of sustainable concrete. Copyright © 2024 Peng Zhou et al.",fly-ash,prediction,I,none-explicit,lab-prediction,N,N,N,N,N,N,N,N,"FA primary binder with up to 30% OPC replacement. GEP produces empirical formulations for mix proportioning - treated as a model deliverable, not decision support (consistent with RC40, RC64). XRD phase identification is experimental and never used to check model outputs -> physical_consistency N. Carbon footprint invoked without quantification."
RC68,2-s2.0-85160650318,10.1007/s42107-023-00735-w,2023,Asian Journal of Civil Engineering,Exploring the potential of neural network in assessing mechanical properties of geopolymer concrete incorporating fly ash and phosphogypsum in pavement applications,"The purpose of this research study is twofold: (1) to investigate the factors that influence the mechanical properties of Geopolymer Concrete (GPC) made from fly ash (FA) and phosphogypsum (PG), and (2) to develop a method for predicting the mechanical properties based on experimental data. To achieve this, the researchers prepared GPC samples with varying levels of PG powder as a replacement for FA at different sodium hydroxide (NaOH) molarities, and tested their mechanical properties. The optimum mix design was obtained at 30% partial replacement of FA with PG at 12 M NaOH, and maximum compressive strength achieved was 47.97 MPa. Three distinct artificial neural network (ANN) techniques were then employed to predict the mechanical properties (Compressive Strength, Flexural Strength, and Split Tensile Strength) of the GPC using the experimental data. The accuracy of the predictions was assessed using performance statistics based on coefficient of determination (R2), root mean square error (RMSE), and Taylor diagram. The ANN models show good prediction efficiency with R2 value above 0.85. © 2023, The Author(s), under exclusive licence to Springer Nature Switzerland AG.",fly-ash;mixed/other-AAM,prediction,I,none-explicit,lab-prediction,N,N,N,N,N,N,N,N,"Phosphogypsum has no listed category -> mixed/other-AAM alongside fly-ash. PG replacement levels are quantified (optimum 30% at 12 M) but the abstract never frames PG as waste or a by-product, so waste-valorization NOT tagged under the 'quantification + explicit framing' rule - flag, since a coder who knows PG is an industrial residue would likely tag it."
RC69,2-s2.0-105012620705,10.1007/s40996-025-01979-z,2026,Iranian Journal of Science and Technology - Transactions of Civil Engineering,Machine Learning Prediction Model for Durability of Geopolymer Concrete with CDW and Artificial Aggregates under Harsh Environmental Exposure,"This research explores how machine learning (ML) models can predict the durability of geopolymer concrete (GPC) produced using construction and demolition waste (CDW) as fine aggregate and artificial lightweight coarse aggregates. Durability was assessed under harsh exposure conditions, including sulphate attack, chloride penetration, and freeze–thaw cycles. The study involved 90 experimental samples across varying CDW replacement levels. Five regression models, such as Linear Regression, Support Vector Regression, Random Forest, XGBoost, and Artificial Neural Networks, were trained to forecast strength retention based on mix composition and environmental exposure. Among them, XGBoost demonstrated the highest predictive accuracy (R2 = 0.96) and the lowest error values (MAE = 1.1, RMSE = 1.6). SHAP analysis was used to explain model predictions and identify key influencing parameters, with CDW content and the activator-to-binder ratio emerging as critical factors. The findings show that moderate CDW incorporation enhances durability while reducing environmental impact, and that interpretable ML tools can assist in optimising mix designs for long-term performance in aggressive environments. It is recommended that construction professionals consider incorporating machine learning tools, particularly XGBoost, into durability planning processes. This approach can support faster mix design decisions, reduce waste, and improve the long-term performance of sustainable concrete in real-world applications. © The Author(s), under exclusive licence to Shiraz University 2025.",recycled-aggregate,prediction,I,waste-valorization;durability,recommendation/decision-support,Y,N,N,N,N,N,N,N,"CDW as fine aggregate plus artificial lightweight coarse aggregate. Sulphate attack, chloride penetration and freeze-thaw all assessed via strength retention -> durability; CDW replacement levels varied with explicit waste-reduction framing -> waste-valorization. Explicit recommendation to embed the model in durability planning -> decision-support."
RC70,2-s2.0-105035647078,10.1016/j.istruc.2026.111649,2026,Structures,A critical synthesis on the synergetic effect of hybrid fibers in enhancing concrete properties,"The use of hybrid fibers in concrete has become a popular method to improve its performance, overcoming the limitations of single-fiber systems. This review critically synthesizes existing research on the synergetic mechanisms of hybrid fibers, with emphasis on fresh properties, mechanical performance, durability behavior, and crack control across multiple length scales. Quantitative trends in strength, toughness, and durability enhancements are discussed based on reported experimental evidence, highlighting the conditions under which hybridization is most effective. This study also highlights emerging opportunities like artificial intelligence (AI) based modeling, life-cycle assessment, and integration with 3D printing and geopolymer technologies. Despite these benefits, challenges remain, such as the lack of standardized mix design procedures, uncertainty about long-term performance in harsh environments, and questions regarding cost-effectiveness and longevity. Finally, comprehensive recommendations are provided to guide future research and promote the practical use of hybrid fiber systems in advanced concrete applications. © 2026 Institution of Structural Engineers. Published by Elsevier Ltd. All rights are reserved, including those for text and data mining, AI training, and similar technologies.",,,,,,,,,,,,,,"*** OUT OF SCOPE (STUDY TYPE) *** narrative review of hybrid fibre synergy in concrete. Not a primary study, no ML performed, and geopolymer plus AI-based modelling appear only in a forward-looking 'emerging opportunities' sentence. Left blank; recommend exclusion."
